<?xml version="1.0" encoding="utf-8"?>
<prefix name="admin" label="Admin" language_tag="it" language_label="Italiano"><key name="account_type_sort_order"><value></value></key><key name="account_type_translation"><value></value></key><key name="active_languages"><value>Attiva Lingua</value></key><key name="add_button"><value></value></key><key name="add_key_form_lbl_add"><value>Aggiungi</value></key><key name="add_key_form_lbl_key"><value>Key</value></key><key name="add_key_form_lbl_val"><value>Testo in {$label} ( {$tag} )</value></key><key name="add_language_pack_empty_file_error_message"><value>Language Pack vuoto o non valido. Si prega di selezionare una valida e riprovare.</value></key><key name="add_new_lang_or_pack"><value>Aggiungi nuovo linguaggio (Language Pack)</value></key><key name="add_new_role_block_cap_label"><value>Aggiungi nuovo ruolo</value></key><key name="add_new_text"><value>Aggiungi nuovo testo</value></key><key name="add_password"><value></value></key><key name="add_question_value_description"><value></value></key><key name="admin_admin_dashboard"><value></value></key><key name="admin_dashboard"><value>Dashboard dell'Admin</value></key><key name="admin_password"><value>Password del sito: {$password}</value></key><key name="admin_password_html"/><key name="admin_suspend_floatbox_title"><value></value></key><key name="ads_add_banner"><value></value></key><key name="ads_add_banner_code_desc"><value></value></key><key name="ads_add_banner_code_label"><value></value></key><key name="ads_add_banner_country_desc"><value></value></key><key name="ads_add_banner_country_label"><value></value></key><key name="ads_add_banner_submit_label"><value></value></key><key name="ads_add_banner_title_label"><value></value></key><key name="ads_banners_add_floatbox_label"><value></value></key><key name="ads_banners_count_label"><value></value></key><key name="ads_banner_add_success_message"><value></value></key><key name="ads_banner_all_region"><value></value></key><key name="ads_banner_delete_success_message"><value></value></key><key name="ads_banner_edit_success_message"><value></value></key><key name="ads_delete_banner_confirm_message"><value></value></key><key name="ads_delete_button_label"><value></value></key><key name="ads_edit_banner_button_label"><value></value></key><key name="ads_edit_banner_submit_label"><value></value></key><key name="ads_index_list_box_cap_label"><value></value></key><key name="ads_manage_add_banners_message"><value></value></key><key name="ads_manage_global_label"><value></value></key><key name="ads_manage_select_plugin_text"><value></value></key><key name="advertisement_menu_banner_list"><value></value></key><key name="advertisement_menu_manage_banners"><value></value></key><key name="album"><value></value></key><key name="all_files"><value></value></key><key name="all_sections"><value>Tutte le sezioni</value></key><key name="all_time"><value></value></key><key name="are_you_sure"><value>Sei sicuro?</value></key><key name="auth_group_label"><value>Admin</value></key><key name="available_languages"><value>Lingue disponibili</value></key><key name="avatar_label"><value>Etichetta avatar</value></key><key name="avatar_label_color"><value>Colore etichetta</value></key><key name="back_to_roles"><value>Torna a ruoli utente</value></key><key name="back_to_site_label"><value>Torna al sito</value></key><key name="back_to_theme_list"><value></value></key><key name="btn_label_activate"><value>Attiva</value></key><key name="btn_label_clone"><value>Clona</value></key><key name="btn_label_deactivate"><value>Disattiva</value></key><key name="btn_label_delete"><value>Cancella</value></key><key name="btn_label_edit"><value>Modifica</value></key><key name="btn_label_edit_values"><value>etichetta</value></key><key name="captcha_settings"/><key name="changelog_heading"/><key name="change_password"><value></value></key><key name="check_other_langs"><value>Controllare &lt;a href="languages/mod"&gt;altre lingue&lt;/a&gt;</value></key><key name="clone_form_descr_label"><value>Esempio: &lt;b&gt;Inglese&lt;/b&gt;</value></key><key name="clone_form_descr_tag"><value>&lt;p class="ow_smallmargin"&gt;You need to enter language code that corresponds to &lt;a href="http://en.wikipedia.org/wiki/ISO_3166-1_alpha-2#Officially_assigned_code_elements"&gt;Alpha-2 ISO language tags&lt;/a&gt;.&lt;/p&gt; Example: &lt;b&gt;en-US&lt;/b&gt; or &lt;b&gt;en-GB-custom&lt;/b&gt;.</value></key><key name="clone_form_lbl_label"><value>Lingua</value></key><key name="clone_form_lbl_submit"><value>Aggiungi</value></key><key name="clone_form_lbl_tag"><value>ISO tag &lt;a class="ow_lbutton ow_red" target="_blank" href="http://en.wikipedia.org/wiki/ISO_3166-1_alpha-2#Officially_assigned_code_elements"&gt;?&lt;/a&gt;</value></key><key name="clone_language"><value>Clona lingua</value></key><key name="clone_language_cap_label"><value>Clona lingua</value></key><key name="com_plugin_request_key_label"><value>Chiave licenza</value></key><key name="com_plugin_request_text"><value>Sei sicuro che si desidera aggiornare &lt;i&gt;'{$name}'&lt;/i&gt; plug-in dalla versione &lt;b&gt;{$oldVersion}&lt;/b&gt; a &lt;b&gt;{$newVersion}&lt;/b&gt;? Il plugin è commerciale, di aggiornare leggerlo inserire la chiave di licenza e premere il pulsante 'Aggiorna'.</value></key><key name="com_theme_request_name_label"><value></value></key><key name="com_theme_request_text"><value></value></key><key name="confirm_avatar_delete"><value>Sicuro di voler cancellare l'immagine avatar di default?</value></key><key name="confirm_delete"><value></value></key><key name="confirm_delete_images"><value></value></key><key name="confirm_delete_users"><value>Sei sicuro di voler eliminare gli utenti selezionati?</value></key><key name="confirm_suspend_users"><value>Sei sicuro di voler sospendere utente selezionato(i)?</value></key><key name="console_item_admin_dashboard"><value>Admin Dashboard</value></key><key name="console_item_manage_pages"><value>Gestire Pagine</value></key><key name="console_item_manage_plugins"><value>Gestione Plugins</value></key><key name="console_item_manage_theme"><value>Modifica tema</value></key><key name="console_item_manage_users"><value>Gestisci utenti</value></key><key name="copy_url"><value></value></key><key name="core_update_download_error"><value>Errore download dell'aggiornamento piattaforma</value></key><key name="core_update_leave_button_label"><value>No</value></key><key name="core_update_unzip_error"><value>Impossibile decomprimere archivio scaricato</value></key><key name="cron_configuration_required_notice"><value>Hai ancora bisogno di impostare il cron job.  &lt;a href="{$helpUrl}"&gt; Per saperne di più&lt;/a&gt;</value></key><key name="css_edit_success_message"><value>Tema personalizzato CSS modificato</value></key><key name="currency"><value>Valuta</value></key><key name="custom_keys"><value>Tasti personalizzati</value></key><key name="date"><value></value></key><key name="def"><value>default</value></key><key name="default_avatar_deleted"><value>Avatar di default cancellato</value></key><key name="default_role"><value></value></key><key name="delete"><value>Cancella</value></key><key name="delete_btn_label"><value>Cancella</value></key><key name="delete_content_warning"><value></value></key><key name="delete_image"><value></value></key><key name="delete_selected"><value></value></key><key name="describe_photo"><value></value></key><key name="display_avatar_label"><value>Etichetta ruolo avatar</value></key><key name="display_captcha_label"/><key name="dnd_not_support"><value></value></key><key name="dnd_support"><value></value></key><key name="drop_here"><value></value></key><key name="edit_langs_cap_label"><value>Modifica lingua</value></key><key name="edit_language"><value>Modifica lingua</value></key><key name="email_already_verify"><value>Email già verificato</value></key><key name="empty"><value>Vuoto</value></key><key name="error_cant_connect_to_host"><value></value></key><key name="error_cant_write"><value>Scrittura sul disco fallita</value></key><key name="error_empty_credentials_provided"><value></value></key><key name="error_empty_host_provided"><value></value></key><key name="error_extension"><value>Un'estensione PHP ha fermato il caricamento del file. PHP non fornisce un sistema per capire qual è l'estensione che ha fermato il caricamento del file; esaminare la lista di estensioni caricate con phpinfo() potrebbe aiutare.</value></key><key name="error_form_size"><value>Il file caricato supera la grandezza massima definita che era specificata nel form HTML</value></key><key name="error_ftp_function_is_not_available"><value></value></key><key name="error_ini_size"><value>Il file caricato supera la grandezza massima definita in php.ini</value></key><key name="error_invalid_credentials_provided"><value></value></key><key name="error_no_file"><value>Nessun file è stato caricato</value></key><key name="error_no_tmp_dir"><value>Cartella temporanea mancante</value></key><key name="error_partial"><value>Il file è stato caricato solo parzialmente</value></key><key name="exit_select_mode"><value></value></key><key name="export_lang_button_label"><value>Esporta</value></key><key name="export_lang_button_label2"><value>Esporta selezionato</value></key><key name="export_lang_header"><value>Esporta lingua</value></key><key name="export_lang_note"><value>È possibile esportare / backup di tutte le lingue per tutti i plugin che avete installato sul vostro sito.</value></key><key name="export_lang_note2"><value>Selezionare gli elementi che si desidera esportare in tutte le lingue e plugin</value></key><key name="feed_content_avatar_change"><value>Utente cambiamento avatar</value></key><key name="feed_content_edit"><value>Modifica profilo utente</value></key><key name="feed_content_registration"><value>Registrazione nuovo utente</value></key><key name="feed_content_user_comment"><value>Profilo parete commenti</value></key><key name="filesize"><value></value></key><key name="finance_settings"><value>Finanza</value></key><key name="found_users"><value>Trovato: &lt;b&gt;{$count}&lt;/b&gt; utenti</value></key><key name="free_plugin_request_text"><value>Sei sicuro che si desidera aggiornare &lt;i&gt;'{$name}'&lt;/i&gt; plug-in dalla versione &lt;b&gt;{$oldVersion}&lt;/b&gt; a &lt;b&gt;{$newVersion}&lt;/b&gt;?</value></key><key name="free_theme_request_text"><value></value></key><key name="go"><value>Vai</value></key><key name="heading_browse_users"><value>Ricerca utenti</value></key><key name="heading_mail_settings"><value></value></key><key name="heading_main_settings"><value></value></key><key name="heading_mobile_settings"><value>Impostazioni Mobile</value></key><key name="heading_page_settings"><value></value></key><key name="heading_questions"><value>Profilo domande</value></key><key name="heading_user_input_settings"><value></value></key><key name="heading_user_role"><value>Ruolo utente: {$role}</value></key><key name="heading_user_roles"><value></value></key><key name="heading_user_settings"><value>Impostazioni utente</value></key><key name="import_lang_button_label"><value>Importa selezionati</value></key><key name="import_lang_note"><value>Qui potete caricare il file che contiene un linguaggio per un plugin (&lt;b&gt;.XML&lt;/b&gt;file) o più lingue per i plugin (&lt;b&gt;.ZIP&lt;/b&gt;file).</value></key><key name="inactive_languages"><value>Lingua non attiva</value></key><key name="input_settings_allow_photo_upload_label"><value>Consenti caricamento delle foto</value></key><key name="input_settings_attch_ext_list_desc"><value></value></key><key name="input_settings_attch_ext_list_label"><value></value></key><key name="input_settings_attch_max_upload_size_label"><value></value></key><key name="input_settings_avatar_max_upload_size_label"><value></value></key><key name="input_settings_comments_rich_media_disable_desc"><value>Controllare se non si vuole permettere alle persone di aggiungere contenuti multimediali (come foto e video) nei commenti in tutto il sito.</value></key><key name="input_settings_comments_rich_media_disable_label"><value>Disabilita multimediali</value></key><key name="input_settings_max_upload_size_label"><value>Massima dimensione del file caricati</value></key><key name="input_settings_resource_list_desc"><value>Lista di domini da cui si permettono di incorporare i video. Questi dovrebbero essere siti di video che forniscono il codice embed per i video. Un dominio per riga.</value></key><key name="input_settings_resource_list_label"><value>Ammessi liste di risorse video</value></key><key name="input_settings_user_custom_html_disable_desc"><value>Controllare se non si desidera consentire agli utenti scrivere codice HTML nei messaggi (come blog e forum). Consigliato per motivi di sicurezza.</value></key><key name="input_settings_user_custom_html_disable_label"><value>Disabilita HTML personalizzato</value></key><key name="input_settings_user_rich_media_disable_desc"><value>Controllare se non si vuole permettere alle persone di aggiungere contenuti multimediali (come foto e video) nei post (come blog e forum).</value></key><key name="input_settings_user_rich_media_disable_label"><value>Disabilita multimediali</value></key><key name="invalid _license_item_notification"/><key name="invite_members_button_label"><value>Invitare nuovi membri</value></key><key name="invite_members_cap_label"><value>Invitare nuovi membri</value></key><key name="invite_members_max_limit_message"><value>Inserisci max 50 e-mail</value></key><key name="invite_members_min_limit_message"><value>Si consiglia di inserire almeno un indirizzo email</value></key><key name="invite_members_submit_label"><value>Invita</value></key><key name="invite_members_success_message"><value>Inviti inviati con successo</value></key><key name="invite_members_textarea_invitation_text"><value>Entrare nella lista delle e-mail (max 50, una e-mail per riga)</value></key><key name="item_license_request_box_cap_label"><value>È richiesta la licenza per l'oggetto</value></key><key name="item_update_request_platform_update_warning"><value>Un aggiornamento per la piattaforma è disponibile e raccomandato prima di effettuare l'aggiornamento di qualsiasi oggetto!</value></key><key name="joined"><value>Iscritto</value></key><key name="join_display_photo_upload"><value>Avatar upload</value></key><key name="join_display_photo_upload_desc"><value>Consentire agli utenti di caricare avatar di registrazione</value></key><key name="join_display_terms_of_use"><value>Attiva 'Termini di ultilizzo' checkbox</value></key><key name="join_display_terms_of_use_desc"><value>Richiedere agli utenti di accettare i termini d'uso al momento della registrazione</value></key><key name="join_page"><value>Registrazione</value></key><key name="join_photo_upload_set_required"><value>'Carica Foto' campo obbligatorio</value></key><key name="join_photo_upload_set_required_desc"><value>'Carica Foto' sulla pagina registrazione.</value></key><key name="language"><value>Lingua</value></key><key name="languages_page_heading"><value>Lingua</value></key><key name="languages_values_updated"><value>valori aggiornati</value></key><key name="language_activated"><value>Lingua attivato.</value></key><key name="language_deactivated"><value>Lingua disattivato.</value></key><key name="language_deleted"><value>Lingua cancellato.</value></key><key name="language_edit_form_error_message"><value>Modifica lingua fallita, riprova di nuovo</value></key><key name="language_edit_form_success_message"><value>Lingua modificata, attendere prego</value></key><key name="language_import_complete_success_message"><value>Lingua / pacchetto di lingua importata</value></key><key name="lang_edit_form_rtl_desc"><value>Controllare se avete bisogno di direzione "da destra a sinistra" testo</value></key><key name="lang_edit_form_rtl_label"><value>RTL</value></key><key name="lang_file"><value>File Lingua:</value></key><key name="lang_import_check_all"><value>Verifica tutte le lingue per tutti i plugin</value></key><key name="license_form_back_label"><value>Indietro</value></key><key name="license_form_button_label"><value>Sottometti</value></key><key name="license_form_leave_label"><value>Torna alla lista plug</value></key><key name="license_form_submit_label"><value>Carica</value></key><key name="license_request_text"><value>Per procedere, prego inserire la licenza per l'oggetto "{$title}"</value></key><key name="mail_settings_updated"><value>Impostazioni SMTP aggiornato</value></key><key name="mail_smtp_connection_desc"><value>Assicurati di testare la tua connessione SMTP prima di iniziare l'invio di email ad usarlo. Altrimenti, il tuo sito potrebbe interrompere l'invio di email a tutti.</value></key><key name="mail_smtp_connection_prefix"><value>Connessione sicura</value></key><key name="mail_smtp_connection_prefix_desc"><value>SMTP connessione sicura</value></key><key name="mail_smtp_secure_invitation"><value>Spento</value></key><key name="mail_smtp_test_connection_btn"><value>test di connessione</value></key><key name="mail_smtp_test_connection_title"><value>Test di connessione SMTP</value></key><key name="mail_smtp_title_enabled"><value>Attiva</value></key><key name="mail_smtp_title_enabled_desc"><value>Si prega di non permettere se non sai cosa stai facendo. Il vostro sito potrebbe interrompere l'invio di messaggi di posta elettronica!</value></key><key name="mail_smtp_title_host"><value>Host:Port</value></key><key name="mail_smtp_title_password"><value>Password</value></key><key name="mail_smtp_title_user"><value>Username</value></key><key name="mail_template_admin_invalid_license_content_html"/><key name="mail_template_admin_invalid_license_content_text"/><key name="mail_template_admin_invalid_license_subject"/><key name="maintenance_enable_desc"><value>&lt;p&gt;Questo renderà il vostro sito inaccessibile e mostrare a tutti il messaggio di manutenzione.&lt;/p&gt; &lt;b&gt;Sarà ancora in grado di accedere come admin qui: &lt;a href="{$site_url}sign-in"&gt;{$site_url}sign-in&lt;/a&gt;&lt;/b&gt;</value></key><key name="maintenance_enable_label"><value>Disabilitare il vostro sito e mettere la pagina di manutenzione.</value></key><key name="maintenance_page_heading"><value>Pagine speciali</value></key><key name="maintenance_page_title"><value>Manutenzione pagina</value></key><key name="maintenance_section_label"><value>Pagina di manutenzione</value></key><key name="maintenance_submit_success_message"><value>Modalità di manutenzione cambiato</value></key><key name="maintenance_text_desc"><value>HTML permesso</value></key><key name="maintenance_text_label"><value>Messaggio manutenzione</value></key><key name="maintenance_text_value"><value>&lt;h1 class="ow_stdmargin ow_ic_gear_wheel"&gt;In manutenzione. &lt;/h1&gt; Spiacente, il sito è in fase di manutenzione programmata. Torneremo presto.</value></key><key name="main_menu_admin"><value>Amministratore</value></key><key name="main_menu_item"><value>Amministratore</value></key><key name="main_settings_updated"><value>Impostazioni sono state aggiornate</value></key><key name="manage_plugins_activate_button_label"><value>Attiva</value></key><key name="manage_plugins_activate_success_message"><value>"{$plugin}" attivato il plugin</value></key><key name="manage_plugins_active_box_cap_label"><value>Plugin Attivo</value></key><key name="manage_plugins_add_box_cap_label"><value>Plugin caricati</value></key><key name="manage_plugins_add_empty_field_error_message"><value>Archivio plug-in non valido</value></key><key name="manage_plugins_add_ftp_move_error"><value>Impossibile caricare filmati tramite FTP</value></key><key name="manage_plugins_add_license_label"/><key name="manage_plugins_add_size_error_message"><value>Dimensioni dell'archivio Plugin è più di quanto consentito</value></key><key name="manage_plugins_available_box_cap_label"><value>Plugin da Installare</value></key><key name="manage_plugins_core_update_request_box_cap_label"><value>Richiesta aggiornamento piattaforma</value></key><key name="manage_plugins_core_update_request_text"><value>Sei sicuro che si desidera aggiornare la piattaforma dalla versione &lt;b&gt;{$oldVersion}&lt;/b&gt; a &lt;b&gt;{$newVersion}&lt;/b&gt;?{$info}</value></key><key name="manage_plugins_deactivate_button_label"><value>Disattiva</value></key><key name="manage_plugins_deactivate_success_message"><value>"{$plugin}" disattivato il plugin</value></key><key name="manage_plugins_delete_button_label"><value>Cancella</value></key><key name="manage_plugins_delete_confirm_message"><value>Siete sicuri di voler eliminare completamente plugin `{$pluginName}`</value></key><key name="manage_plugins_delete_success_message"><value>"{$plugin}" eliminato</value></key><key name="manage_plugins_ftp_box_cap_label"><value>Inserisci Attributi</value></key><key name="manage_plugins_inactive_box_cap_label"><value>Plugin Inattivo</value></key><key name="manage_plugins_install_button_label"><value>Installa</value></key><key name="manage_plugins_install_error_message"><value>Invalid chiave plugin  - `{$key}` provided.</value></key><key name="manage_plugins_install_success_message"><value>"{$plugin}" plug-in installato con successo</value></key><key name="manage_plugins_manual_update_request"><value>Il codice sorgente di '&lt;i&gt;{$name}&lt;/i&gt;' plugin è stato aggiornato. Necessità di aggiornare DB plugin.</value></key><key name="manage_plugins_plugin_not_found"><value>Plugin non trovato</value></key><key name="manage_plugins_settings_button_label"><value>Impostazioni</value></key><key name="manage_plugins_uninstall_button_label"><value>Disinstalla</value></key><key name="manage_plugins_uninstall_confirm_message"><value>Sei sicuro di voler disinstallare il plugin?</value></key><key name="manage_plugins_uninstall_error_message"><value>Errore disistallazione plugin</value></key><key name="manage_plugins_uninstall_request_box_cap_label"><value>Disinstallazione plugin richiesta</value></key><key name="manage_plugins_uninstall_success_message"><value>"{$plugin}" plug disinstallato con successo</value></key><key name="manage_plugins_update_button_label"><value>Aggiorna</value></key><key name="manage_plugins_update_process_error"><value>Impossibile aggiornare plug-in</value></key><key name="manage_plugins_update_request_box_cap_label"><value>Plugin di aggiornamento su richiesta</value></key><key name="manage_plugins_update_success_message"><value>Plug-in aggiornato con successo</value></key><key name="manage_plugins_up_to_date_message"><value>Plugin è aggiornato</value></key><key name="manage_plugin_add_extract_error"><value>Impossibile estrarre i file di archivio dei plugin</value></key><key name="manage_plugin_cant_add_duplicate_key_error"><value></value></key><key name="manage_themes_add_empty_field_error_message"><value></value></key><key name="manage_themes_theme_not_found"><value></value></key><key name="manage_themes_update_process_error"><value></value></key><key name="manage_themes_update_request_box_cap_label"><value></value></key><key name="manage_themes_update_success_message"><value></value></key><key name="manage_themes_up_to_date_message"><value></value></key><key name="manage_theme_add_extract_error"><value>Si prega di caricare file di archivio tema valido</value></key><key name="mark_featured"><value>Messo in primo piano</value></key><key name="massmailing"><value>Email di massa</value></key><key name="massmailing_body_label"><value>Corpo email</value></key><key name="massmailing_compose_email"><value>Componi e-mail</value></key><key name="massmailing_email_format_html"><value>HTML</value></key><key name="massmailing_email_format_label"><value>E-mail in formato</value></key><key name="massmailing_email_format_text"><value>Testo</value></key><key name="massmailing_expire_text"><value>La prossima volta che sarete in grado di iniziare a mailing di massa non prima della &lt;b&gt;{$hours}&lt;/b&gt; ora.</value></key><key name="massmailing_following_variables_text"><value>È possibile utilizzare le seguenti variabili:</value></key><key name="massmailing_ignore_unsubscribe_label"><value>Ignora preferenza di non sottoscrizione</value></key><key name="massmailing_preview_label"><value>Anteprima</value></key><key name="massmailing_send_mails_message"><value>{$count} email sono state inviate</value></key><key name="massmailing_start_mailing_button"><value>Inizio Mailing</value></key><key name="massmailing_subject_label"><value>Oggetto</value></key><key name="massmailing_total_members"><value>&lt;b&gt;Totale:&lt;/b&gt; &lt;i&gt;{$count}&lt;/i&gt; membri attivi</value></key><key name="massmailing_unsubscribe_link_html"><value>&lt;br /&gt; &lt;br /&gt; Per annullare l'iscrizione a questa mailing list si prega di &lt;a href="{$link}" &gt;cliccare qui&lt;/a&gt;</value></key><key name="massmailing_unsubscribe_link_text"><value>Per annullare l'iscrizione a questa mailing list clicca qui: {$link}</value></key><key name="massmailing_user_roles_label"><value>I ruoli utente</value></key><key name="massmailing_user_section_label"><value>Utente selezione</value></key><key name="menu_item_basics"><value>Base</value></key><key name="menu_item_mail_settings"><value>SMTP</value></key><key name="menu_item_page_settings"><value>Impostazioni pagina</value></key><key name="menu_item_users_recently_active"><value>Recentemente attivo</value></key><key name="menu_item_users_suspended"><value>Sospeso</value></key><key name="menu_item_users_unapproved"><value>Non approvato</value></key><key name="menu_item_users_unverified"><value>Non verificato</value></key><key name="menu_item_user_input_settings"><value>Impostazioni utente</value></key><key name="menu_item_user_roles"><value>Ruoli Utenti</value></key><key name="menu_item_user_settings"><value>Impostazioni utente</value></key><key name="menu_item_user_settings_content_input"><value>Contenuto</value></key><key name="menu_item_user_settings_general"><value>Generale</value></key><key name="missing_keys2"><value>Chiavi mancanti</value></key><key name="missing_text"><value>Manca del testo</value></key><key name="mobile_settings_mobile_context_disable_desc"><value></value></key><key name="mobile_settings_mobile_context_disable_label"><value></value></key><key name="mobile_settings_tabe_heading"><value>Generali</value></key><key name="msg_dublicate_key"><value>Siamo spiacenti, la chiave esiste già</value></key><key name="msg_lang_cloned"><value>Clona</value></key><key name="msg_lang_clone_failed"><value>Clonazione Lingua fallito</value></key><key name="msg_lang_invalid_language_tag"><value>Invalid tag ISO.</value></key><key name="msg_one_active_constraint"><value>Ci dovrebbe essere almeno una lingua attiva.</value></key><key name="my_profile_heading"><value>Mio profilo</value></key><key name="notification_plugins_to_update"><value>Plugin aggiornamenti disponibili: &lt;b&gt;{$count}&lt;/b&gt;. &lt;a href="{$link}"&gt;Vedi&lt;/a&gt;</value></key><key name="notification_soft_update"><value>Piattaforma di aggiornamento disponibile. &lt;a href="{$link}"&gt;Carica &lt;/a&gt;</value></key><key name="notification_themes_to_update"><value></value></key><key name="not_all_photos_uploaded"><value>Alcune foto non sono state caricate a causa della grandezza eccessiva o del formato sbagliato</value></key><key name="not_enough_params"><value></value></key><key name="no_items"><value></value></key><key name="no_photo_selected"><value></value></key><key name="no_photo_uploaded"><value>Nessuna foto è stata caricata a causa della grandezza eccessiva o di un errore di formato</value></key><key name="no_users"><value>Non ci sono utenti</value></key><key name="no_values"><value>Senza valori</value></key><key name="of"><value>di</value></key><key name="or"><value>oppure</value></key><key name="original_value"><value>Valore originale: {$label} ({$tag})</value></key><key name="pages_add_menu_name"><value>Nome Menù</value></key><key name="pages_add_page_content"><value>Contenuto Pagina</value></key><key name="pages_and_menus_bottom_menu_label"><value>Menu fondo</value></key><key name="pages_and_menus_hidden_desc"><value>Qui ci sono le pagine che in realtà esistono ma non vengono visualizzati sul sito.&lt;span class="ow_highlight"&gt;Drag'n'drop&lt;/span&gt; qui gli elementi che si desidera nascondere.</value></key><key name="pages_and_menus_hidden_pages_label"><value>Pagine nascoste</value></key><key name="pages_and_menus_instructions"><value>Qui è possibile visualizzare le pagine esistenti e le voci di menu sul tuo sito. Queste sono le vostre pagine personalizzate e di quelli attivati ​​dai plugin. &lt;span class="ow_highlight"&gt;Drag'n'drop&lt;/span&gt; articoli attraverso i menu per cambiare la loro posizione.</value></key><key name="pages_and_menus_item_label"><value>Voce</value></key><key name="pages_and_menus_legend_everyone_label"><value>visibile a tutti</value></key><key name="pages_and_menus_legend_guests_label"><value>visibile solo agli ospiti</value></key><key name="pages_and_menus_legend_label"><value>Legenda</value></key><key name="pages_and_menus_legend_members_label"><value>visibile solo ai membri</value></key><key name="pages_and_menus_main_menu_label"><value>Menu Principale</value></key><key name="pages_edit_external_menu_name_label"><value>Nome Menù</value></key><key name="pages_edit_external_url_label"><value>URL</value></key><key name="pages_edit_external_url_open_in_new_window"><value>Apri in una nuova finestra del browser</value></key><key name="pages_edit_external_visible_for"><value>Visibile per</value></key><key name="pages_edit_local_menu_name"><value>Nome Menù</value></key><key name="pages_edit_local_page_content"><value>Contenuto della pagina</value></key><key name="pages_edit_local_page_title"><value>Titolo Pagina</value></key><key name="pages_edit_local_page_url"><value>URL</value></key><key name="pages_edit_local_visible_for"><value>Visibile solamente per</value></key><key name="pages_edit_visible_for_guests"><value>Ospiti</value></key><key name="pages_edit_visible_for_members"><value>Utenti registrati</value></key><key name="pages_new_form_or"><value>Oppure</value></key><key name="pages_page_field_content_desc"><value>Supporto HTML/OWML &lt;a href="{$url}"&gt;&lt;img src="{$src}" /&gt;&lt;/a&gt;</value></key><key name="pages_page_field_meta_desc"><value>Meta tag in più per la sezione di intestazione della pagina.</value></key><key name="pages_page_heading"><value></value></key><key name="page_add_page_address"><value>Indirizzo Pagina</value></key><key name="page_default_heading"><value>{$site_name} Amministratore</value></key><key name="page_default_title"><value>{$site_name} Pagina Amministratore</value></key><key name="page_heading_ads"><value></value></key><key name="page_note_part_1"><value>Drag'n'drop</value></key><key name="page_note_part_2"><value>Lingua per visualizzare sul sito. La prima lingua sarà impostato come default sul sito.</value></key><key name="page_settings_favicon_submit_error_message"><value>Si prega di fornire un'immagine valida in formato ico</value></key><key name="page_settings_form_bottomcode_desc"><value>Codice aggiunto al documento HTML destra prima di chiudere &lt;/BODY&gt; tag (custom Javascript).</value></key><key name="page_settings_form_bottomcode_label"><value>Codice personalizzato</value></key><key name="page_settings_form_favicon_desc"><value>Icona del sito con estensione .ico (16x16px)</value></key><key name="page_settings_form_favicon_label"><value>Favicon</value></key><key name="page_settings_form_headcode_desc"><value>Codice inserito in zona della testa documento HTML (custom Javascript / CSS o info META).</value></key><key name="page_settings_form_headcode_label"><value>Codice Head personalizzato</value></key><key name="page_settings_no_favicon_label"><value>No favicon. Controllare per abilitare.</value></key><key name="page_title_add_new_plugin"><value>Aggiungi nuovo</value></key><key name="page_title_ads"><value></value></key><key name="page_title_available_plugins"><value>Plugins disponibili</value></key><key name="page_title_finance"><value>Finanza</value></key><key name="page_title_manage_plugins"><value>Plugin installati</value></key><key name="page_title_manage_plugins_ftp_info"><value>Attributi FTP</value></key><key name="page_title_mobile_menus"><value>Menu Mobile</value></key><key name="pending_approval"><value>Approvazione pendente...</value></key><key name="period"><value></value></key><key name="permissions"><value>Privacy</value></key><key name="permissions_add_form_role_lbl"><value>Nome Ruolo:</value></key><key name="permissions_add_role_btn"><value>Aggiungi</value></key><key name="permissions_are_you_sure"><value>Sei sicuro?</value></key><key name="permissions_check_all_selected"><value>Controllare tutti | selezionati:</value></key><key name="permissions_default_role"><value>default</value></key><key name="permissions_delete_role"><value>Cancella</value></key><key name="permissions_edit_role"><value>Modifica ruolo</value></key><key name="permissions_edit_role_btn"><value>Modifica</value></key><key name="permissions_feedback_cant_remove_moder"><value>Rimuovere i diritti per la 'Admin' da questo moderatore prima di poterli rimuovere completamente.</value></key><key name="permissions_feedback_moderator_added"><value>Moderatore è stato aggiunto</value></key><key name="permissions_feedback_user_is_already_moderator"><value>{$username} è già un moderatore</value></key><key name="permissions_feedback_user_kicked_from_moders"><value>Utente rimosso dal moderatore</value></key><key name="permissions_feedback_user_not_found"><value>Utente non trovato</value></key><key name="permissions_go_to_permissions_page"><value>Vai a &lt;a href="{$url}"&gt;pagina permessi &lt;/a&gt; per impostare le caratteristiche sono consentite per i ruoli utente specifico.</value></key><key name="permissions_go_to_role_management_page"><value>Vai a &lt;a href="{$url}"&gt;per la gestione delle pagine ruolo &lt;/a&gt; per creare/modificare/cancellare ruoli utente.</value></key><key name="permissions_idex_if_not_yes_will_override_settings"><value>Se  non &lt;b&gt;'Si'&lt;/b&gt; si sostituiscono tutte le altre impostazioni delle autorizzazioni</value></key><key name="permissions_index"><value>Impostazioni sulla privacy globale</value></key><key name="permissions_index_admin_only_can_invate"><value>Amministratore unico</value></key><key name="permissions_index_all_users_can_invate"><value>Tutti gli utenti</value></key><key name="permissions_index_anyone_can_join"><value>Chiunque</value></key><key name="permissions_index_by_invitation_only_can_join"><value>Con il mio invito</value></key><key name="permissions_index_guests_can_view_site"><value>Gli ospiti possono visualizzare il sito</value></key><key name="permissions_index_mandatory_member_approve"><value>Membro obbligatorio approvare</value></key><key name="permissions_index_moders_approve_members_manually"><value>Moderatori approverà tutti i membri manualmente &lt;b&gt; prima &lt;/b&gt; che li lasciano in</value></key><key name="permissions_index_no"><value>No</value></key><key name="permissions_index_save"><value>Salva</value></key><key name="permissions_index_user_approve"><value>Utente obbligatorio approvare</value></key><key name="permissions_index_who_can_invite"><value>Chi può invitare:</value></key><key name="permissions_index_who_can_join"><value>Chi può partecipare:</value></key><key name="permissions_index_with_password"><value>Con password:</value></key><key name="permissions_index_yes"><value>Si</value></key><key name="permissions_moderators"><value>Moderatori</value></key><key name="permissions_moders_add_moder"><value>Aggiungi nuovo moderatore</value></key><key name="permissions_moders_content"><value>Utente</value></key><key name="permissions_moders_make_moderator"><value>Fai Moderatore</value></key><key name="permissions_moders_username"><value>Username</value></key><key name="permissions_number_of_users"><value># degli utenti</value></key><key name="permissions_page_heading"><value>Privacy e Permessi</value></key><key name="permissions_please_select_role"><value>Per favore, selezionare almeno un ruolo</value></key><key name="permissions_roles"><value>Ruoli Utenti</value></key><key name="permissions_roles_deleted_msg"><value>Utente(i) cancellati</value></key><key name="permissions_role_actions_label"><value>Azione</value></key><key name="permissions_role_added_msg"><value>Nuovo ruolo aggiunto</value></key><key name="permissions_role_updated"><value>Carica ruolo</value></key><key name="permissions_successfully_updated"><value>Permessi aggiornato con successo</value></key><key name="permissions_user_role"><value>Ruolo utente</value></key><key name="permission_global_privacy_empty_pass_error_message"><value>Si prega di inserire la password</value></key><key name="permission_global_privacy_pass_length_error_message"><value>Si prega di inserire la password valida (min 3 simboli)</value></key><key name="permission_global_privacy_settings_success_message"><value>Impostazioni salvate</value></key><key name="photos_uploaded"><value>{$count} foto caricata</value></key><key name="photo_upload_error"><value>Errore caricamento foto</value></key><key name="please_wait"><value>Prego, attendere che la foto precedente venga caricata</value></key><key name="plugin"><value>Plugin</value></key><key name="plugins_manage_add_submit_label"><value>Carica</value></key><key name="plugins_manage_ftp_attrs_invalid_host_message"><value>Connessione non riuscita, controllare host e port dettagli</value></key><key name="plugins_manage_ftp_attrs_invalid_login_params_message"><value>Params non valido per l'accesso FTP fornito</value></key><key name="plugins_manage_ftp_attrs_invalid_user"><value>FTP non valida attributi! Utente fornita non dispone delle autorizzazioni per sovrascrivere i file.</value></key><key name="plugins_manage_ftp_form_host_label"><value>Host</value></key><key name="plugins_manage_ftp_form_login_label"><value>Login</value></key><key name="plugins_manage_ftp_form_password_label"><value>Password</value></key><key name="plugins_manage_ftp_form_port_label"><value>Porta</value></key><key name="plugins_manage_ftp_form_submit_label"><value>Entra</value></key><key name="plugins_manage_invalid_license_key_error_message"><value>Inserisci chiave di licenza valida</value></key><key name="plugins_manage_license_key_check_success"/><key name="plugins_manage_need_ftp_attrs_message"><value>Accesso FTP necessari per completare l'operazione</value></key><key name="plugins_manage_no_available_items"><value>Non ci sono plugin disponibili qui.</value></key><key name="plugin_manual_update_button_label"><value>Carica</value></key><key name="plugin_uninstall_request_text"><value>Sei sicuro di voler disinstallare '{$name}' plugin?</value></key><key name="plugin_update_download_error"><value>Archivio di aggiornamento pacchetto non valido o vuoto</value></key><key name="plugin_update_no_button_label"><value>No</value></key><key name="plugin_update_request_error"><value>Plugin non trovato</value></key><key name="plugin_update_yes_button_label"><value>Si</value></key><key name="possible_values_disable_message"><value></value></key><key name="press_ctrl_c"/><key name="questions_account_type_has_exclusive_questions"><value>Non è possibile eliminare un tipo di account, mentre ha ancora il profilo quesitons esclusivi.</value></key><key name="questions_account_type_label"><value>Domande che riporta, per tipo di account</value></key><key name="questions_account_type_was_added"><value>Tipo di account è stato aggiunto</value></key><key name="questions_account_type_was_deleted"><value>Tipo di account è stato cancellato</value></key><key name="questions_account_type_was_updated"><value></value></key><key name="questions_add_account_type"><value>Aggiungi il tipo di account</value></key><key name="questions_add_account_type_title"><value></value></key><key name="questions_add_edit_type_title"><value></value></key><key name="questions_add_new_account_type"><value>Aggiungi nuovo tipo di conto</value></key><key name="questions_add_new_question_button"><value>Aggiungi nuova domanda</value></key><key name="questions_add_new_section_button"><value>Aggiungi</value></key><key name="questions_add_profile_question_title"><value></value></key><key name="questions_add_question_button"><value></value></key><key name="questions_add_question_message"><value>Domanda è stata aggiunta</value></key><key name="questions_add_question_values_message"><value>Aggiungi {$count} nuove domande</value></key><key name="questions_add_question_values_title"><value>Aggiungere valori nuova domanda:</value></key><key name="questions_add_section_button"><value></value></key><key name="questions_add_values_description"><value>È possibile aggiungere fino a 31 valori</value></key><key name="questions_add_values_label"><value>Aggiungere i valori (uno per riga)</value></key><key name="questions_add_values_submit_button"><value>Aggiungi</value></key><key name="questions_admin_add_new_values"><value>Aggiungere nuovi valori</value></key><key name="questions_admin_dragndrop_reorder"><value>Drag'n'drop per riorganizzare</value></key><key name="questions_admin_existing_values"><value>Valori esistenti</value></key><key name="questions_answer_type_label"><value>Tipo risposta</value></key><key name="questions_cant_delete_default_account_type"><value>Non è possibile cancellare tipo di account predefinito.</value></key><key name="questions_cant_delete_last_account_type"><value></value></key><key name="questions_columns_count_label"><value>Conta colonne</value></key><key name="questions_config_range_label"><value></value></key><key name="questions_config_year_range_label"><value>Range anno</value></key><key name="questions_delete_account_type_confirmation"><value>Sei sicuro di voler cancellare questo tipo di account?</value></key><key name="questions_delete_question_confirmation"><value>Sei sicuro di voler cancellare questa domanda?</value></key><key name="questions_delete_question_parent_confirmation"><value></value></key><key name="questions_delete_section_confirmation"><value>Sei sicuro di voler cancellare questa sezione?</value></key><key name="questions_delete_section_confirmation_with_move_questions"><value></value></key><key name="questions_edit_account_types_button"><value>Modifica tipo</value></key><key name="questions_edit_account_type_name_title"><value>Modifica digitare il nome account</value></key><key name="questions_edit_account_type_title"><value></value></key><key name="questions_edit_delete_value_confirm_message"><value>Sei sicuro?</value></key><key name="questions_edit_profile_question_title"><value></value></key><key name="questions_edit_question_description_label"><value>Descrizione Domanda</value></key><key name="questions_edit_question_description_title"><value>Modifica descrizione domanda</value></key><key name="questions_edit_question_name_title"><value>Modifica nome della domanda</value></key><key name="questions_edit_question_value_title"><value>Modifica valore domanda</value></key><key name="questions_edit_section_name_title"><value>Modifica sezione nome</value></key><key name="questions_edit_username_warning"><value>&lt;b&gt;Vi raccomandiamo di non fare campo nome utente modificabile, perché cambiando nome utente comporterà modificare l'URL del profilo.&lt;/b&gt;</value></key><key name="questions_empty_lang_value"><value>Nessun valore</value></key><key name="questions_for_account_type_description"><value>Selezionare un tipo di account appropriato per la domanda &lt;i&gt;solo&lt;/i&gt;se non si adatta ad altri tipi &lt;/b&gt;Per esempio:. &lt;b&gt;&lt;i&gt;Sesso&lt;/i&gt;&lt;/b&gt; corrisponde a &lt;b&gt;&lt;i&gt;singolo&lt;/i&gt;&lt;/b&gt;, ma non va bene per &lt;b&gt;&lt;i&gt;coppia&lt;/i&gt;&lt;/b&gt;.</value></key><key name="questions_for_account_type_label"><value>Per tipo di account</value></key><key name="questions_index_drag_n_drop_info_txt"><value>&lt;span class="ow_highlight"&gt;Drag'n'drop&lt;/span&gt; domande e le sezioni di cambiare il loro ordine.</value></key><key name="questions_index_info_txt"><value>Qui è possibile modificare le informazioni aggiunte dagli utenti stessi. È possibile modificare, riorganizzare e aggiungere domande nuovo profilo.</value></key><key name="questions_infinite_possible_values_description"/><key name="questions_infinite_possible_values_label"/><key name="questions_matched_question_values"><value></value></key><key name="questions_new_question_label"><value>Nuova sezione</value></key><key name="questions_new_section_label"><value>Nuova sezione</value></key><key name="questions_on_edit_description"><value>La domanda dovrebbe essere disponibile per l'utente di modificare</value></key><key name="questions_on_edit_label"><value>Su &lt;b&gt;Modifica profilo&lt;/b&gt;</value></key><key name="questions_on_search_description"><value>La domanda deve essere utilizzato per la ricerca dell'utente</value></key><key name="questions_on_search_label"><value>Su &lt;b&gt;Ricerca&lt;/b&gt;</value></key><key name="questions_on_sing_up_description"><value>La questione dovrebbe essere nella pagina di registrazione</value></key><key name="questions_on_sing_up_label"><value>Su &lt;b&gt;Iscriviti&lt;/b&gt;</value></key><key name="questions_on_view_description"><value>La questione dovrebbe essere visualizzata sulla pagina del profilo vista</value></key><key name="questions_on_view_label"><value>Visualizza il &lt;b&gt;profilo &lt;/b&gt;</value></key><key name="questions_page_description"><value></value></key><key name="questions_possible_values_description"><value>È possibile aggiungere fino a 31 valori</value></key><key name="questions_possible_values_label"><value>Possibili valori (uno per riga)</value></key><key name="questions_profile_question_sections_title"><value>Profilo Domanda sezioni</value></key><key name="questions_question_description_label"><value>Descrizione</value></key><key name="questions_question_is_not_exist"><value>Domanda non esiste</value></key><key name="questions_question_name_label"><value>Domanda</value></key><key name="questions_question_section_label"><value>Sezione</value></key><key name="questions_question_was_deleted"><value>Domanda è stata cancellata</value></key><key name="questions_question_was_not_updated_message"><value>Domanda non è stato aggiornato</value></key><key name="questions_question_was_not_update_message"><value>Domanda non è stato aggiornato</value></key><key name="questions_required_description"><value>Il modulo non presenterà se l'utente non entra valida risposta per questa domanda</value></key><key name="questions_required_label"><value>Richiesto</value></key><key name="questions_save_account_type"><value>Salva</value></key><key name="questions_save_and_new_label"><value>Salva e Aggiungi nuovo</value></key><key name="questions_section_info_txt"><value>Se avete un sacco di domande profilo può essere utile dividerli in sezioni. Si potrebbe avere le seguenti sezioni "&lt;b&gt;&lt;i&gt;Informazioni di base&lt;/i&gt;&lt;/b&gt;", "&lt;b&gt; &lt;i&gt;Contatti&lt;/i&gt;&lt;/b&gt;", "&lt;b&gt;&lt;i&gt;Interessi&lt;/i&gt;&lt;/b&gt; ", e così via.</value></key><key name="questions_section_was_added"><value>Sezione è stata aggiunta</value></key><key name="questions_section_was_deleted"><value>Sezione è stato eliminato</value></key><key name="questions_update_question_message"><value>Domanda aggiornata</value></key><key name="questions_values_count"><value>{$count} valore</value></key><key name="questions_values_should_not_be_empty"/><key name="question_column_account_type"><value>Account tipo</value></key><key name="question_column_exclusive_questions"><value>Domande eslusive</value></key><key name="question_column_profile_edit"><value>Modifica</value></key><key name="question_column_question"><value>Domande</value></key><key name="question_column_require"><value>Richiesto</value></key><key name="question_column_search"><value>Cerca</value></key><key name="question_column_sign_up"><value>Iscriviti</value></key><key name="question_column_type"><value>Tipo</value></key><key name="question_column_values"><value>Valore</value></key><key name="question_column_view"><value>Vedi</value></key><key name="question_menu_account_types"><value>Tipo di Account</value></key><key name="question_menu_properties"><value>Proprietà</value></key><key name="question_possible_values_label"><value>Valori possibili</value></key><key name="question_settings_updated"><value>Le impostazioni sono state aggiornate</value></key><key name="rating_total"><value>(Totale {$count})</value></key><key name="rating_your"><value>(Totale {$count}. Il tuo è {$score})</value></key><key name="remove_from_featured"><value></value></key><key name="restrictedusernames"><value>Nomi utente limitato</value></key><key name="restrictedusernames_add_username"><value>Aggiungi nome utente limitato</value></key><key name="restrictedusernames_add_username_button"><value>Aggiungi</value></key><key name="restrictedusernames_restricted_list_label"><value>Lista nomi utente limitato</value></key><key name="restrictedusernames_username_added"><value>Nome Utente aggiunto con successo</value></key><key name="restrictedusernames_username_already_exists"><value>Il nome utente è già nella lista ristretta</value></key><key name="restrictedusernames_username_deleted"><value>Nome utente è stato rimosso dalla lista ristretta</value></key><key name="restrictedusernames_username_label"><value>Username</value></key><key name="save_btn_label"><value>Salva</value></key><key name="save_this_page"><value>Salva questa pagina</value></key><key name="search"><value>Cerca</value></key><key name="search_by"><value>Ricerca per</value></key><key name="search_by_name"><value>Cerca per nome</value></key><key name="search_no_results_for_keyword"><value>Nessun valore con &lt;i&gt;&lt;b&gt;{$keyword}&lt;/i&gt;&lt;/b&gt; keyword</value></key><key name="search_results_for_keyword"><value>Risultati della ricerca per parola chiave: &lt;i&gt;&lt;b&gt;{$keyword}&lt;/i&gt;&lt;/b&gt;</value></key><key name="section"><value>Sezioni</value></key><key name="select_items_to_import_note"><value>Selezionare ciò che si desidera importare da questo pacchetto di lingua.</value></key><key name="select_mode"><value></value></key><key name="send_verification_email"><value>Inviare e-mail di verifica</value></key><key name="settings_max_upload_size_error"><value>Il valore è errato o superiore al limite del server.</value></key><key name="settings_submit_error_message"><value>Verificato un errore durante il salvataggio dei dati, riprova</value></key><key name="settings_submit_success_message"><value>Impostazioni salvate</value></key><key name="set_suspend_message_label"><value></value></key><key name="show"><value>Mostra:</value></key><key name="sidebar_menu_admin"><value>Dashboard</value></key><key name="sidebar_menu_appearance"><value>Aspetto</value></key><key name="sidebar_menu_basic_label"><value>Di base</value></key><key name="sidebar_menu_dashboard"><value>Panoramica</value></key><key name="sidebar_menu_item_ads"><value></value></key><key name="sidebar_menu_item_content_settings"><value></value></key><key name="sidebar_menu_item_css"><value>CSS</value></key><key name="sidebar_menu_item_dashboard_finance"><value>Finanza</value></key><key name="sidebar_menu_item_dev_langs"><value>Lingua</value></key><key name="sidebar_menu_item_general"><value></value></key><key name="sidebar_menu_item_graphics"><value>Grafica</value></key><key name="sidebar_menu_item_maintenance"><value>Manutenzione pagina</value></key><key name="sidebar_menu_item_main_settings"><value>Impostazione Corpo</value></key><key name="sidebar_menu_item_manage_pages"><value></value></key><key name="sidebar_menu_item_pages_manage"><value></value></key><key name="sidebar_menu_item_page_settings"><value></value></key><key name="sidebar_menu_item_permission"><value>Privacy Globale</value></key><key name="sidebar_menu_item_permissions"><value>Privacy e permessi</value></key><key name="sidebar_menu_item_permission_moders"><value>Moderatori</value></key><key name="sidebar_menu_item_permission_role"><value>Ruoli</value></key><key name="sidebar_menu_item_permission_roles"><value>Ruoli Utente</value></key><key name="sidebar_menu_item_plugin_blogs"><value>Blog</value></key><key name="sidebar_menu_item_plugin_contact_importer"><value>Importa contatti</value></key><key name="sidebar_menu_item_plugin_forum"><value>Public Room</value></key><key name="sidebar_menu_item_plugin_links"><value>Links</value></key><key name="sidebar_menu_item_plugin_mass_mailing"><value>E-mail di massa</value></key><key name="sidebar_menu_item_plugin_photo"><value>Foto</value></key><key name="sidebar_menu_item_plugin_video"><value>Video</value></key><key name="sidebar_menu_item_questions"><value>Domande profilo</value></key><key name="sidebar_menu_item_restricted_usernames"><value>Nomi utente limitato</value></key><key name="sidebar_menu_item_roles"><value>Ruoli Utente</value></key><key name="sidebar_menu_item_settings"><value>Impostazioni del tema</value></key><key name="sidebar_menu_item_settings_language"><value>Lingua</value></key><key name="sidebar_menu_item_smtp_settings"><value></value></key><key name="sidebar_menu_item_special_pages"><value></value></key><key name="sidebar_menu_item_splash_screen"><value>Splash Screen</value></key><key name="sidebar_menu_item_themes"><value></value></key><key name="sidebar_menu_item_themes_customize"><value></value></key><key name="sidebar_menu_item_theme_choose"><value>Scegli Tema</value></key><key name="sidebar_menu_item_theme_edit"><value>Modifica Tema</value></key><key name="sidebar_menu_item_users"><value>Ricerca utenti</value></key><key name="sidebar_menu_item_users_roles"><value>Ruolo utente</value></key><key name="sidebar_menu_item_user_dashboard"><value>Dashboard Utente</value></key><key name="sidebar_menu_item_user_profile"><value>Profilo Utente</value></key><key name="sidebar_menu_item_user_settings"><value>Impostazioni utente</value></key><key name="sidebar_menu_main"><value></value></key><key name="sidebar_menu_mobile"><value></value></key><key name="sidebar_menu_pages"><value></value></key><key name="sidebar_menu_pages_menus_label"><value>Visualizza tutte le pagine / menu</value></key><key name="sidebar_menu_plugins"><value>Plugins</value></key><key name="sidebar_menu_plugins_add"><value>Aggiungi Nuovo</value></key><key name="sidebar_menu_plugins_available"><value>Plug-in disponibili</value></key><key name="sidebar_menu_plugins_installed"><value>Plugin installato</value></key><key name="sidebar_menu_plugins_manage"><value>Gestione Plugin</value></key><key name="sidebar_menu_privacy"><value>Privacy e Permessi</value></key><key name="sidebar_menu_question_settings"><value>Profilo Impostazioni domanda</value></key><key name="sidebar_menu_settings"><value>Impostazioni</value></key><key name="sidebar_menu_themes_add"><value>Aggiungi Tema</value></key><key name="sidebar_menu_theme_css_label"><value>CSS Tema</value></key><key name="sidebar_menu_users"><value>Utenti</value></key><key name="sign_in_button_list_text"><value>o accedi con</value></key><key name="site_description"><value>Descrizione</value></key><key name="site_description_desc"><value>Si prega di scrivere un paio di frasi per descrivere il tuo sito.</value></key><key name="site_email"><value>Email sito</value></key><key name="site_email_desc"><value>Indirizzo e-mail dal quale gli utenti riceveranno le notifiche e mailing di massa.</value></key><key name="site_email_verify_promo"><value>È necessario verificare questo indirizzo email. Abbiamo inviato messaggio di verifica al momento di salvare, ma si consiglia di inviare nuovamente.</value></key><key name="site_installation"><value>Installazione sito</value></key><key name="site_password"><value>Password del sito</value></key><key name="site_password_letter_subject"><value>{$site_name}:Nuova password impostata</value></key><key name="site_password_letter_template_html"><value>Nuova password impostata per {$site_name}&lt;br&gt; La tua nuova password è &lt;b&gt;{$password}&lt;/b&gt;&lt;br&gt;</value></key><key name="site_password_letter_template_text"><value>Nuova password impostata per {$site_name} La tua nuova password è {$password}</value></key><key name="site_relative_time_desc"><value>"Ieri, 05:31" invece di "1 giugno '09, 05:31»</value></key><key name="site_statistics_default_period"><value>Periodo di default</value></key><key name="site_statistics_finance_transactions"><value>Transazioni</value></key><key name="site_statistics_finance_transactions_amount"><value>Ammontare</value></key><key name="site_statistics_last_30_days_period"><value>Ultimi 30 giorni</value></key><key name="site_statistics_last_7_days_period"><value>Ultimi 7 giorni</value></key><key name="site_statistics_last_year_period"><value>Ultimo anno</value></key><key name="site_statistics_today_period"><value>Oggi</value></key><key name="site_statistics_user_logins"><value>Logins</value></key><key name="site_statistics_user_registrations"><value>Registrazioni</value></key><key name="site_statistics_yesterday_period"><value>Ieri</value></key><key name="site_tagline"><value>Messaggio personale</value></key><key name="site_tagline_desc"><value>Breve, orecchiabile, una stringa di descrizione del tuo sito.</value></key><key name="site_title"><value>Nome sito</value></key><key name="size"><value></value></key><key name="size_limit"><value>La grandezza della photo "{$name}" non può essere più grande di &lt;b&gt;{$size}&lt;/b&gt; Mb</value></key><key name="slideshow_interval"><value></value></key><key name="smtp_test_connection_failed"><value></value></key><key name="smtp_test_connection_success"><value>SMTP test di successo. È possibile avviare l'invio di email utilizzando questo collegamento.</value></key><key name="soft_version"><value>Versione piattaforma &lt;b&gt;{$version}&lt;/b&gt; (build {$build})</value></key><key name="splash_button_label"><value>'Entra' etichetta pulsante</value></key><key name="splash_button_label_desc"><value>Pulsante di etichetta personalizzata per accedere al sito</value></key><key name="splash_button_value"><value>Entra</value></key><key name="splash_enable_desc"><value>Con la schermata di avvio si può richiedere esplicitamente i membri se accettano di entrare tuo sito web.</value></key><key name="splash_enable_label"><value>Attiva</value></key><key name="splash_intro_desc"><value>Schermata iniziale contenuto. Supporta HTML.</value></key><key name="splash_intro_label"><value>Text/HTML</value></key><key name="splash_intro_value"><value>&lt;h1&gt;&lt;/h1&gt;</value></key><key name="splash_leave_button_label"><value>Abbandona</value></key><key name="splash_leave_url_desc"><value>Destinazione visitatori se scelgono di abbandonare</value></key><key name="splash_leave_url_label"><value>'Abbandonare' URL</value></key><key name="splash_screen_page_heading"><value></value></key><key name="splash_screen_page_title"><value></value></key><key name="splash_screen_section_label"><value>Splash screen</value></key><key name="splash_screen_submit_success_message"><value></value></key><key name="statistics_amount_for_period"><value>Ammontare per il periodo selezionato</value></key><key name="statistics_browse_users"><value>Esplora gli utenti</value></key><key name="statistics_history"><value>Storia</value></key><key name="tb_edit_photo"><value>Modifica la foto</value></key><key name="themes_add_new_box_cap_label"><value>Aggiungi nuovo tema</value></key><key name="themes_add_theme_page_heading"><value>Aggiungi nuovo tema</value></key><key name="themes_admin_list_cap_title"><value>Admin dashboard themes</value></key><key name="themes_cant_delete_active_theme"><value>Non puoi cancellare un tema attivo</value></key><key name="themes_cant_delete_default_theme"><value>Non puoi cancellare il tema di default</value></key><key name="themes_choose_activate_button_label"><value>Attivate</value></key><key name="themes_choose_delete_button_label"><value>Cancella</value></key><key name="themes_choose_delete_confirm_msg"><value>Sei sicuro di voler cancellare il tema #theme#?</value></key><key name="themes_choose_list_cap_title"><value>Temi disponibili</value></key><key name="themes_choose_page_title"><value></value></key><key name="themes_delete_success_message"><value>Tema cancellato</value></key><key name="themes_item_add_success_message"><value>Tema correttamente aggiunto</value></key><key name="themes_manage_invalid_license_key_error_message"><value></value></key><key name="themes_settings_graphics_preview_cap_label"><value>Anteprima immagine</value></key><key name="themes_settings_page_title"><value></value></key><key name="themes_settings_reset_label"><value>Reset</value></key><key name="theme_add_duplicated_dir_error"><value>Impossibile caricare tema directory dei temi</value></key><key name="theme_add_extract_error"><value>Impossibile estrarre l'archivio tema</value></key><key name="theme_change_success_message"><value>Tema cambiato</value></key><key name="theme_css_edit_css_box_cap_label"><value>Modifica CSS</value></key><key name="theme_css_edit_submit_label"><value>Salva</value></key><key name="theme_css_existing_css_box_cap_label"><value>Esistenti stili CSS (solo lettura)</value></key><key name="theme_graphics_delete_success_message"><value>L'immagine è stata eliminata</value></key><key name="theme_graphics_image_delete_confirm_message"><value>Sei sicuro di voler cancellare questa immagine?</value></key><key name="theme_graphics_list_cap_label"><value>Elenco Immagini</value></key><key name="theme_graphics_table_delete"><value>Cancella</value></key><key name="theme_graphics_table_preview"><value>Anteprima immagine</value></key><key name="theme_graphics_table_url"><value>URL</value></key><key name="theme_graphics_upload_form_fail_message"><value>L'iimagine non è stata caricata</value></key><key name="theme_graphics_upload_form_submit_label"><value>Carica</value></key><key name="theme_graphics_upload_form_success_message"><value>Immagine è stata caricata</value></key><key name="theme_graphics_upload_label"><value>Carica Immagine</value></key><key name="theme_info_author_label"><value>Autore</value></key><key name="theme_info_author_url_label"><value>Autore URL</value></key><key name="theme_info_cap_label"><value>Info thema</value></key><key name="theme_info_compatibility_label"><value>Compatibilità</value></key><key name="theme_info_version_label"><value>Versione</value></key><key name="theme_settings_cap_label"><value>Castomizzazione Tema</value></key><key name="theme_settings_form_submit_label"><value>Salva</value></key><key name="theme_settings_no_controls_label"><value>Questo tema non ha le impostazioni di personalizzazione.</value></key><key name="theme_settings_reset_confirm_message"><value>Sei sicuro che si desidera reimpostare le personalizzazioni?</value></key><key name="theme_update_download_error"><value></value></key><key name="theme_update_not_available_error"><value></value></key><key name="theme_update_request_error"><value></value></key><key name="timezone"><value>TimeZone</value></key><key name="time_settings"><value>Impostazioni Ora</value></key><key name="title"><value></value></key><key name="title_add_new_text"><value>Aggiungi nuovo testo</value></key><key name="total_users"><value>Totale: &lt;b&gt;{$count}&lt;/b&gt; utenti</value></key><key name="translation"><value>Traduzione: {$label} ({$tag})</value></key><key name="type_error"><value>Tipo di file non valido. {$name}</value></key><key name="undefined_action"><value></value></key><key name="updated_msg"><value>Aggiornato con successo</value></key><key name="upload_date"><value></value></key><key name="url"><value></value></key><key name="url_copied"/><key name="user"><value>Utente</value></key><key name="user_avatar_settings"><value>Impostazioni Avatar</value></key><key name="user_delete_msg"><value>{$count} utente(i) cancellato(i)</value></key><key name="user_display_settings"><value>Impostazioni di visualizzazione</value></key><key name="user_feedback_email_unverified"><value>Utente selezionato (s) e-mail sono contrassegnati verificato</value></key><key name="user_feedback_email_verified"><value>Selezionati utente (s) e-mail sono verificati</value></key><key name="user_feedback_profiles_approved"><value>Utente (s) selezionati sono stati approvati</value></key><key name="user_feedback_profiles_disapproved"><value>Utente (s) selezionati sono stati disapprovava</value></key><key name="user_feedback_profiles_suspended"><value>Profili sospesi</value></key><key name="user_feedback_profiles_unsuspended"><value>Utente selezionato(i) riattivato(i)</value></key><key name="user_input_settings_attachments"><value>Allegare un file</value></key><key name="user_input_settings_comments"><value>Contenuto commenti</value></key><key name="user_input_settings_rich_media"><value>Impostazioni multimediali</value></key><key name="user_input_settings_user_content"><value>Contenuto testo</value></key><key name="user_role_permissions_cap_label"><value>Permessi ruolo utente</value></key><key name="user_search_result"><value>Risultato della ricerca per: utente "&lt;b&gt;{$for}&lt;/b&gt;"</value></key><key name="user_settings_avatar_image"><value>Immagine Avatar di default</value></key><key name="user_settings_avatar_image_desc"><value>Cambia per sostituire l'immagine predefinita tema avatar</value></key><key name="user_settings_avatar_size"><value>Dimensione Avatar</value></key><key name="user_settings_avatar_size_desc"><value>Mostrato in tutti gli annunci. Sarà inoltre necessario modificare il CSS tema.</value></key><key name="user_settings_avatar_size_error"><value>La massima dimensione ragionevole avatar è {$max}px</value></key><key name="user_settings_avatar_size_label"><value>Immagine Avatar&lt;br /&gt; dimensione delle colture</value></key><key name="user_settings_big_avatar_size"><value>Big avatar dimensioni</value></key><key name="user_settings_big_avatar_size_desc"><value>Mostrati sulla pagina del profilo</value></key><key name="user_settings_big_avatar_size_error"><value>La massima ragionevole grandi dimensioni avatar è {$max}px</value></key><key name="user_settings_big_avatar_size_label"><value>Grande immagine avatar&lt;br /&gt;dimensione delle colture</value></key><key name="user_settings_confirm_email"><value>Conferma email</value></key><key name="user_settings_confirm_email_desc"><value>Quando viene acceso gli utenti dovranno verificare indirizzi e-mail prima di accedere al sito.</value></key><key name="user_settings_display_name"><value>Mostra come nome del profilo:</value></key><key name="user_settings_display_name_desc"><value>Normalmente si avrebbe bisogno di scegliere tra &lt;b&gt; &lt;i&gt; Nome utente &lt;/i&gt;&lt;/b&gt; (tradizionale) e un nome reale (come su Facebook). Questo è un sito a livello di impostazione.</value></key><key name="user_settings_email"><value>Impostazioni email</value></key><key name="user_settings_permissions"><value></value></key><key name="user_settings_profile_questions"><value></value></key><key name="user_settings_updated"><value>Impostazioni utente aggiornata</value></key><key name="user_status"><value>Stato</value></key><key name="user_status_suspended"><value>sospeso</value></key><key name="user_status_unapproved"><value>non approvate</value></key><key name="user_status_unverified"><value>non verificate</value></key><key name="use_military_time"><value>Usa ora militare</value></key><key name="use_relative_time"><value>Utilizzare data relativa/ora</value></key><key name="verify_site_email"><value>Verifica</value></key><key name="warning_cron_is_not_active"><value>Script di cron Oxwall non è attivo. Si prega di aggiungerlo alla lista di posti di lavoro cron ({$path}).</value></key><key name="warning_url_fopen_disabled"><value>Oxwall non può connettersi al server di aggiornamento. Sembra devi abilitare `url_fopen` nelle impostazioni php.</value></key><key name="widgets_admin_profile_heading"><value>Profilo utente</value></key><key name="widget_content_statistics"><value>Statistiche dei contenuti</value></key><key name="widget_content_statistics_default_content_group"><value>Contenuto di default del gruppo</value></key><key name="widget_finance_statistics"><value>Statistiche finanziarie</value></key><key name="widget_user_statistics"><value>Statistiche dell'utente</value></key><key name="you_are_editing"><value>Si sta modificando</value></key></prefix>
