<?xml version="1.0" encoding="utf-8"?>
<prefix name="cacheextreme" label="Cache Extreme" language_tag="it" language_label="Italiano"><key name="admin_heading"><value></value></key><key name="adm_menu_about"><value></value></key><key name="adm_menu_config"><value></value></key><key name="backendCache_setting_desc"><value></value></key><key name="btn_clean"><value></value></key><key name="cache_settings"><value></value></key><key name="lblBackendCache"><value></value></key><key name="lblPluginStatic"><value></value></key><key name="lblTemplateCache"><value></value></key><key name="lblThemeStatic"><value></value></key><key name="pluginStatic_setting_desc"><value></value></key><key name="settings_updated"><value></value></key><key name="templateCache_setting_desc"><value></value></key><key name="themeStatic_setting_desc"><value></value></key></prefix>
