<?xml version="1.0" encoding="utf-8"?>
<prefix name="contactus" label="Contact Us" language_tag="it" language_label="Italiano"><key name="admin_dept_heading"><value>Feedback: Departments</value></key><key name="admin_dept_title"><value>Feedback: Departments</value></key><key name="after_install_notification"><value>Please &lt;a href='{$url}'&gt;create&lt;/a&gt; at least one department for the contact page.</value></key><key name="bottom_menu_item"><value>Feedback</value></key><key name="dept_1"><value>Feedback</value></key><key name="dept_10"><value></value></key><key name="dept_12"><value></value></key><key name="dept_14"><value></value></key><key name="dept_15"><value></value></key><key name="dept_16"><value></value></key><key name="dept_17"><value></value></key><key name="dept_4"><value>Feedback</value></key><key name="dept_5"><value></value></key><key name="dept_6"><value></value></key><key name="dept_9"><value></value></key><key name="form_add_dept_submit"><value>Add new</value></key><key name="form_label_captcha"><value>Immagine sicura</value></key><key name="form_label_from"><value>Tuo indirizzo e-mail</value></key><key name="form_label_message"><value>Messaggio</value></key><key name="form_label_subject"><value>Oggetto</value></key><key name="form_label_submit"><value>Invia</value></key><key name="form_label_to"><value>A</value></key><key name="index_page_heading"><value>Feedback</value></key><key name="index_page_title"><value>Feedback</value></key><key name="label_invitation_email"><value>mail</value></key><key name="label_invitation_label"><value>etichetta</value></key><key name="message_sent"><value>Il tuo messaggio è stato inviato. {$dept} risponderà a breve. Grazie.</value></key><key name="no_department"><value>This is no such department</value></key></prefix>
