<?xml version="1.0" encoding="utf-8"?>
<prefix name="event" label="Event" language_tag="it" language_label="Italiano"><key name="accept_request"><value>Accettare</value></key><key name="add_event_meta_description"><value>Plan a meeting with the users of {$site_name}.</value></key><key name="add_form_date_desc"><value> &#13;
  </value></key><key name="add_form_date_label"><value>Data &amp; Ora</value></key><key name="add_form_desc_desc"><value> &#13;
  </value></key><key name="add_form_desc_label"><value>Descrizione</value></key><key name="add_form_empty_image_error_message"><value>campo immagine vuoto</value></key><key name="add_form_end_date_desc"><value> &#13;
  </value></key><key name="add_form_end_date_label"><value>Fine eventi</value></key><key name="add_form_image_desc"><value> &#13;
  </value></key><key name="add_form_image_label"><value>Immagine</value></key><key name="add_form_invalid_end_date_error_message"><value>Data fine non valida</value></key><key name="add_form_location_desc"><value> &#13;
  </value></key><key name="add_form_location_label"><value>Luogo</value></key><key name="add_form_submit_label"><value>Aggiungi</value></key><key name="add_form_success_message"><value>Evento aggiunto</value></key><key name="add_form_title_desc"><value> &#13;
  </value></key><key name="add_form_title_label"><value>Titolo</value></key><key name="add_form_who_can_invite_desc"><value> &#13;
  </value></key><key name="add_form_who_can_invite_label"><value>Chi può invitare</value></key><key name="add_form_who_can_invite_option_creator"><value>Solo chi crea l'evento</value></key><key name="add_form_who_can_invite_option_participants"><value>Anche i partecipanti</value></key><key name="add_form_who_can_view_desc"><value>&amp;nbsp;</value></key><key name="add_form_who_can_view_label"><value>Chi può vedere</value></key><key name="add_form_who_can_view_option_anybody"><value>Tutti</value></key><key name="add_form_who_can_view_option_invit_only"><value>Solo su invito</value></key><key name="add_new_button_label"><value>Aggiungi nuovo evento</value></key><key name="add_new_link_label"><value>Evento</value></key><key name="add_page_heading"><value>Crea nuovo evento</value></key><key name="add_page_title"><value>Crea nuovo evento - {$site_name}</value></key><key name="all_day"><value>per tutta la giornata</value></key><key name="attend_maybe_btn_label"><value>Forse</value></key><key name="attend_no_btn_label"><value>No</value></key><key name="attend_yes_btn_label"><value>Partecipo</value></key><key name="auth_action_label_add_comment"><value>Commenta eventi</value></key><key name="auth_action_label_add_event"><value>Aggiungi Eventi</value></key><key name="auth_action_label_view_event"><value>Guarda eventi</value></key><key name="auth_group_label"><value>Eventi</value></key><key name="avatar_user_list_bottom_link_label"><value>Guardali tutti ({$count} users)</value></key><key name="avatar_user_list_link_label_1"><value>si</value></key><key name="avatar_user_list_link_label_2"><value>forse</value></key><key name="avatar_user_list_link_label_3"><value>no</value></key><key name="cmp_widget_events_count"><value>Conta eventi</value></key><key name="common_list_type_invited_label"><value>Inviti</value></key><key name="common_list_type_joined_label"><value>Miei eventi</value></key><key name="common_list_type_latest_label"><value>Prossimi</value></key><key name="common_list_type_past_label"><value>Passati</value></key><key name="console_notification_label"><value>Inviti eventi</value></key><key name="content_events_label"><value>Events</value></key><key name="content_event_label"><value>Event</value></key><key name="creator"><value>Creatore</value></key><key name="current_status_change_label"><value>Cambia</value></key><key name="dashboard_widget_menu_my_events_label"><value>Creato</value></key><key name="dashboard_widget_menu_part_events_label"><value>Iscritto</value></key><key name="delete_button_label"><value>Cancella</value></key><key name="delete_confirm_message"><value>Sei sicuro di voler cancellare l'evento?</value></key><key name="delete_success_message"><value>Evento eliminato</value></key><key name="edit_button_label"><value>Modifica</value></key><key name="edit_form_end_date_error_message"><value>Seleziona data/ora di fine evento</value></key><key name="edit_form_submit_label"><value>Modifica</value></key><key name="edit_form_success_message"><value>Evento creato</value></key><key name="edit_page_heading"><value>Modifica evento</value></key><key name="edit_page_title"><value>Modifica evento - {$site_name}</value></key><key name="email_notification_comment"><value>&lt;a href="{$userUrl}"&gt;{$userName}&lt;/a&gt; ha aggiunto un commento su Neewsfeed &lt;a href="{$url}"&gt;{$title}&lt;/a&gt; evento</value></key><key name="email_notification_comment_setting"><value>Qualcuno messaggi sui muri di eventi</value></key><key name="email_notification_invite"><value>&lt;a href="{$inviterUrl}"&gt;{$inviterName}&lt;/a&gt; invitato all'evento "&lt;a href="{$eventUrl}"&gt;{$eventName}&lt;/a&gt;"</value></key><key name="event_created_by_me_page_heading"><value>Eventi I creati</value></key><key name="event_created_by_me_page_title"><value>Eventi I creati - {$site_name}</value></key><key name="event_create_string"><value>created new event</value></key><key name="event_edited_string"><value>edited their event</value></key><key name="event_joined_by_me_page_heading"><value>Partecipa a gli eventi</value></key><key name="event_joined_by_me_page_title"><value>Partecipa a gli eventi - {$site_name}</value></key><key name="event_view_page_heading"><value>Evento {$event_title} - su {$site_name}</value></key><key name="event_view_permission_error_message"><value>Ci dispiace, non si dispone delle autorizzazioni per visualizzare questa pagina.</value></key><key name="feed_actiovity_attend_string"><value>frequenta evento {$user}</value></key><key name="feed_activity_comment_string"><value>commentato su questo evento</value></key><key name="feed_activity_event_string_like"><value>piace questo evento</value></key><key name="feed_activity_event_string_like_own"><value>è piaciuto il loro evento</value></key><key name="feed_activity_joined"><value>{$user} ha appena partecipato</value></key><key name="feed_activity_own_comment_string"><value></value></key><key name="feed_activity_users"><value>Totale utenti: &lt;span class="ow_txt_value"&gt;{$usersCount}&lt;/span&gt;</value></key><key name="feed_add_item_label"><value>creato un nuovo evento</value></key><key name="feed_content_label"><value>Eventi</value></key><key name="feed_user_join_string"><value>Partecipo all'evento</value></key><key name="friends_invite_button_label"><value>Invitare i miei amici</value></key><key name="ignore_request"><value>Ignorare</value></key><key name="invitation_join_string_1"><value>{$user1} vi invitano all'evento {$event}</value></key><key name="invitation_join_string_2"><value>{$user1} e {$user2} vi invitano a {$event}</value></key><key name="invitation_join_string_many"><value>{$user1} e {$user2} e {$otherUsers} vi invitano all'evento {$event}</value></key><key name="invited_events_page_heading"><value>Inviti evento</value></key><key name="invited_events_page_title"><value>Inviti evento - {$site_name}</value></key><key name="invite_btn_label"><value>Invitare</value></key><key name="latest_events_page_desc"><value>L'elenco dei prossimi eventi per i membri di {$site_name}.</value></key><key name="latest_events_page_heading"><value>Eventi</value></key><key name="latest_events_page_title"><value>Eventi - {$site_name}</value></key><key name="main_menu_item"><value>Eventi</value></key><key name="moderation_status_pending_approval"><value></value></key><key name="my_events_widget_block_cap_label"><value>I miei Eventi</value></key><key name="notifications_new_message"><value>Qualcuno mi invita ad un evento</value></key><key name="notifications_section_label"><value>Eventi</value></key><key name="no_events_label"><value>Non ci sono eventi</value></key><key name="no_index_events_label"><value>Non ci sono eventi, &lt;a href="{$url}"&gt;Aggiungi nuovo&lt;/a&gt;</value></key><key name="past_events_page_desc"><value>L'elenco degli eventi passati per i membri di {$site_name}.</value></key><key name="past_events_page_heading"><value>Eventi passati</value></key><key name="past_events_page_title"><value>Eventi passati - {$site_name}</value></key><key name="privacy_action_view_attend_events"><value>Visualizza i miei eventi</value></key><key name="private_event_text"><value>Siamo spiacenti. Questo evento è privato.</value></key><key name="private_page_heading"><value>Evento privato</value></key><key name="private_page_title"><value>Evento privato</value></key><key name="profile_events_widget_block_cap_label"><value>Miei Eventi</value></key><key name="time_field_invitation_label"><value>Programmati</value></key><key name="up_events_widget_block_cap_label"><value>Prossimi eventi</value></key><key name="usercredits_action_add_comment"><value>Commento evento</value></key><key name="usercredits_action_add_event"><value>Aggiungi evento</value></key><key name="users_invite_success_message"><value>{$count} utenti invitati</value></key><key name="user_list_page_desc_1"><value>L'elenco degli utenti partecipanti all'evento "{$eventTitle}" .</value></key><key name="user_list_page_desc_2"><value>L'elenco degli utenti che forse partecipano all'evento "{$eventTitle}" .</value></key><key name="user_list_page_desc_3"><value>L'elenco degli utenti che non partecipano all'evento "{$eventTitle}" .</value></key><key name="user_list_page_heading_1"><value>"{$eventTitle}" evento partecipanti - {$site_name}</value></key><key name="user_list_page_heading_2"><value>"{$eventTitle}" evento - che forse partecipa - {$site_name}</value></key><key name="user_list_page_heading_3"><value>"{$eventTitle}" evento - che non partecipa - {$site_name}</value></key><key name="user_participated_events_page_desc"><value>L'elenco degli eventi {$display_name} partecipa in.</value></key><key name="user_participated_events_page_heading"><value>{$display_name} eventi</value></key><key name="user_participated_events_page_title"><value>{$display_name} eventi - {$site_name}</value></key><key name="user_status_author_cant_leave_error"><value>Ci dispiace, non si può lasciare il vostro evento</value></key><key name="user_status_label_1"><value>Parteciperò</value></key><key name="user_status_label_2"><value>Forse parteciperò</value></key><key name="user_status_label_3"><value>Non parteciperò</value></key><key name="user_status_not_changed_error"><value>Si prega di modificare il proprio stato</value></key><key name="user_status_updated"><value>Il tuo stato aggiornato</value></key><key name="view_all_label"><value>visualizza tutti</value></key><key name="view_page_created_label"><value>Creatore</value></key><key name="view_page_date_label"><value>Data e ora</value></key><key name="view_page_desc_label"><value>Descrizione</value></key><key name="view_page_details_block_cap_label"><value>Dettagli</value></key><key name="view_page_end_date_label"><value>Fine evento</value></key><key name="view_page_image_block_cap_label"><value>Descrizione</value></key><key name="view_page_location_label"><value>Luogo</value></key><key name="view_page_users_block_cap_label"><value>Chi frequenta</value></key></prefix>
