<?xml version="1.0" encoding="utf-8"?>
<prefix name="fbconnect" label="Facebook Connect" language_tag="it" language_label="Italiano"><key name="access_settings_api_key_label"><value></value></key><key name="access_settings_api_secret_label"><value></value></key><key name="access_settings_app_id_label"><value></value></key><key name="admin_configuration_required_notification"><value></value></key><key name="admin_sidebar_menu_label"><value></value></key><key name="application_configuration_title"><value></value></key><key name="app_edit_desc"><value></value></key><key name="app_edit_title"><value></value></key><key name="app_register_title"><value></value></key><key name="app_remove_app_desc"><value></value></key><key name="app_remove_app_title"><value></value></key><key name="app_reset_desc"><value></value></key><key name="app_reset_failed_msg"><value></value></key><key name="app_reset_success_msg"><value></value></key><key name="app_reset_title"><value></value></key><key name="configuration_fields_fbfields_label"><value></value></key><key name="configuration_fields_legend"><value></value></key><key name="configuration_fields_questions_label"><value></value></key><key name="configuration_fields_suggest"><value></value></key><key name="configuration_settings_saved"><value></value></key><key name="connect_btn_label"><value>Accedi con Facebook</value></key><key name="connect_mobile_btn_label"><value>Accedi con Facebook</value></key><key name="feed_user_join"><value>accede al nostro sito con l'account di Facebook!</value></key><key name="heading_configuration"><value></value></key><key name="join_activity_string"><value></value></key><key name="join_dublicate_email_msg"><value></value></key><key name="join_incomplete"><value></value></key><key name="join_incorrect_username"><value></value></key><key name="join_success_msg"><value>Ti sei autenticato con Facebook</value></key><key name="login_success_msg"><value>Ti sei autenticato con Facebook</value></key><key name="menu_item_configuration_settings"><value></value></key><key name="register_app_desc"><value></value></key><key name="register_app_failed"><value></value></key><key name="register_app_success"><value></value></key><key name="save_btn_label"><value></value></key></prefix>
