<?xml version="1.0" encoding="utf-8"?>
<prefix name="forum" label="Forum" language_tag="it" language_label="Italiano"><key name="activity_string"><value>&lt;a href="{$userUrl}"&gt;{$user}&lt;/a&gt; &lt;a href="{$url}"&gt;risposto&lt;/a&gt; in &lt;a href="{$topicUrl}"&gt;{$topicTitle}&lt;/a</value></key><key name="activity_string_topic"><value>&lt;a href="{$userUrl}"&gt;{$user}&lt;/a&gt; ha iniziato una nuova discussione: &lt;a href="{$topicUrl}"&gt;{$topicTitle}&lt;/a&gt;</value></key><key name="additional"><value>Ulteriori criteri di ricerca</value></key><key name="add_files"><value>Add files</value></key><key name="add_new"><value>Inizio nuova discussione</value></key><key name="add_new_comment"><value>Aggiungi nuovo post</value></key><key name="add_new_forum_btn"><value>Aggiungi Nuovo "Spazio Pubblico"</value></key><key name="add_new_forum_description"><value>Descrizione</value></key><key name="add_new_forum_name"><value>Nome</value></key><key name="add_new_forum_section"><value>Sezione</value></key><key name="add_new_forum_submit"><value>Aggiungi</value></key><key name="add_new_forum_title"><value>Aggiungi "Spazio Pubblico"</value></key><key name="add_post_btn"><value>Post</value></key><key name="add_post_title"><value>Rispondi</value></key><key name="admin_config"><value>Forum - Impostazioni Plugin</value></key><key name="advanced_search"><value>Ricerca avanzata</value></key><key name="advanced_search_result"><value>Risultato ricerca</value></key><key name="approve_topic"><value></value></key><key name="attached_files"><value>attached files</value></key><key name="attachments"><value>Allegato</value></key><key name="attachment_deleted"><value>File è stato eliminato</value></key><key name="attachment_filesize"><value>Massima dimensione del file allegato</value></key><key name="attach_files"><value>Allegare file</value></key><key name="author"><value>Autore</value></key><key name="auth_action_label_edit"><value>Crea/Modifica argomento</value></key><key name="auth_action_label_move_topic_to_hidden"><value>Spostare gli argomenti</value></key><key name="auth_action_label_subscribe"><value>Iscriviti agli argomenti dello "Spazio Pubblico"</value></key><key name="auth_action_label_view"><value>Leggi argomento</value></key><key name="auth_group_label"><value>Spazio Pubblico</value></key><key name="back_forum"><value>Torna in "Spazio Pubblico"</value></key><key name="back_to_post"><value>Back to post</value></key><key name="back_to_topic"><value>« Torna all'argomento</value></key><key name="basic"><value>Basic</value></key><key name="by"><value>da</value></key><key name="chars_limit_exceeded"><value>Ahi, il testo è troppo lungo! Cercate di essere un po 'più brevi, sotto {$limit}  symbols.</value></key><key name="clear_all"><value>Clear all</value></key><key name="cmp_widget_forum_topics_count"><value>Numero di argomenti da mostrare</value></key><key name="cmp_widget_forum_topics_post_lenght"><value>Anteprima per la lunghezza in caratteri argomento dello "Spazio Pubblico"</value></key><key name="confirm_delete_all_attachments"><value>Are you sure you want to delete these files?</value></key><key name="confirm_delete_attachment"><value>Sei sicuro di voler cancellare questo file?</value></key><key name="confirm_delete_forum"><value>Sei sicuro di voler rimuovere tutti gli argomenti dello "Spazio Pubblico"  e le sezioni?</value></key><key name="connect_forum_button"><value>Collegare "Spazio Pubblico"</value></key><key name="connect_forum_to_entity"><value>Aggiungi Public Room  per questo plugin</value></key><key name="content_add_string"><value>Creato nuovo argomento nello "Spazio Pubblico"</value></key><key name="content_edited_string"><value>modificato il loro argomento nello "Spazio Pubblico"</value></key><key name="content_forums_label"><value>Spazi Pubblici</value></key><key name="content_forum_label"><value>post su "Spazio Pubblico"</value></key><key name="content_forum_post_in_topic"><value>post dello "Spazio pubblico" in &lt;a href="{$topicUrl}"&gt;{$title}&lt;/a&gt;</value></key><key name="content_forum_topic"><value>argomento dello Spazio Pubblico</value></key><key name="create_new_topic"><value>Crea nuovo argomento nello "Spazio Pubblico"</value></key><key name="delete"><value>Eliminare</value></key><key name="delete_content"><value>Eliminare il contenuto e disinstallare il plugin</value></key><key name="delete_content_desc"><value>Prima di disinstallare il plugin forum dobbiamo rimuovere tutti i contenuti esistenti forum. Questa operazione potrebbe richiedere un po '. È per questo che metteremo sul sito di "modalità di manutenzione" e attivare di nuovo dopo aver completato la disinstallazione.</value></key><key name="delete_content_warning"><value>Attenzione</value></key><key name="delete_group"><value>cancellare</value></key><key name="delete_group_confirm"><value>Sei sicuro di voler cancellare gruppo "Spazio Pubblico"?</value></key><key name="delete_post_confirm"><value>Sei sicuro di voler cancellare il post?</value></key><key name="delete_quote_confirm"><value>Are you sure you want to delete this quote?</value></key><key name="delete_section"><value>Cancellare</value></key><key name="delete_section_confirm"><value>Sei sicuro di voler eliminare la sezione dello Spazio Pubblico?</value></key><key name="delete_topic"><value>Cancellare</value></key><key name="delete_topic_confirm"><value>Sei sicuro di voler cancellare il topic?</value></key><key name="discussion"><value>Discussione</value></key><key name="edit"><value>Modifica</value></key><key name="edit_group"><value>modifica</value></key><key name="edit_group_btn"><value>Salva</value></key><key name="edit_group_description"><value>Descrizione</value></key><key name="edit_group_name"><value>Nome "Spazio Pubblico"</value></key><key name="edit_group_title"><value>Modifica Gruppo Spazio Pubblico</value></key><key name="edit_post_title"><value>Modifica Post</value></key><key name="edit_section"><value>modifica</value></key><key name="edit_section_btn"><value>Salva</value></key><key name="edit_section_name"><value>Sezione Nome</value></key><key name="edit_section_title"><value>Modifica Sezione "Spazio Pubblico"</value></key><key name="edit_topic"><value>Modifica</value></key><key name="edit_topic_title"><value>Modifica Discussione</value></key><key name="email_notifications_section_label"><value>Spazio Pubblico</value></key><key name="email_notifications_setting_post"><value>Qualcuno pubblica una risposta in un argomento  nello "Spazio Pubblico"</value></key><key name="email_notification_post"><value>&lt;a href="{$userUrl}"&gt;{$userName}&lt;/a&gt; &lt;a href="{$postUrl}"&gt;replied&lt;/a&gt; su argomento del forum &lt;a href="{$topicUrl}"&gt;{$title}&lt;/a&gt;</value></key><key name="enable_attachments"><value>Abilitare i file allegati</value></key><key name="enter_username"><value>Scrivi  nome utente</value></key><key name="feed_activity_last_reply"><value>&lt;a href="{$postUrl}"&gt;Ultima risposta&lt;/a&gt;:</value></key><key name="feed_activity_owner_topic_like"><value>è piaciuto il loro argomento nello Spazio Pubblico</value></key><key name="feed_activity_topic_reply_string"><value>risposto in argomento nello Spazio Pubblico</value></key><key name="feed_activity_topic_string"><value>inviato un argomento nello Spazio Pubblico</value></key><key name="feed_activity_topic_string_like"><value>piaciuto {$user} argomento nello Spazio Pubblico</value></key><key name="feed_content_label"><value>Argomenti dello Spazio Pubblico</value></key><key name="feed_content_replies_label"><value>Risposte argomento in Spazio Pubblico</value></key><key name="feed_toolbar_discuss"><value>discutere</value></key><key name="feed_toolbar_replies"><value>Risposte: &lt;span class="ow_txt_value"&gt;{$postCount}&lt;/span&gt;</value></key><key name="file_size_validation_error"><value>Valore non è corretto o superiore al limite del server</value></key><key name="flag"><value>Flag</value></key><key name="flags"><value>posts dello Spazio Pubblico</value></key><key name="forms_search_keyword_field_invitation"><value>Parola chiave o Frase</value></key><key name="forms_search_parts_field_label"><value>Scegli lo spazio di ricerca</value></key><key name="forms_search_parts_field_value_all_forums"><value>&gt;&gt;All rooms</value></key><key name="forms_search_period_field_label"><value>Ricerca periodo</value></key><key name="forms_search_search_in_field_label"><value>Ricerca in</value></key><key name="forms_search_search_in_field_value_message"><value>Messaggi</value></key><key name="forms_search_search_in_field_value_title"><value>Titoli</value></key><key name="forms_search_search_period_value_last_month"><value>Ultimo mese</value></key><key name="forms_search_search_period_value_last_six_months"><value>Ultimi 6 mesi</value></key><key name="forms_search_search_period_value_last_three_months"><value>Ultimi 3 mesi</value></key><key name="forms_search_search_period_value_last_two_months"><value>Ultimi 2 mesi</value></key><key name="forms_search_search_period_value_last_week"><value>Ultima settimana</value></key><key name="forms_search_search_period_value_last_year"><value>Ultimo anno</value></key><key name="forms_search_search_period_value_today"><value>Oggi</value></key><key name="forms_search_sort_direction_field_value_decrease"><value>Decrescente</value></key><key name="forms_search_sort_direction_field_value_increase"><value>Crescente</value></key><key name="forms_search_sort_field_label"><value>Ordina per</value></key><key name="forms_search_sort_value_date"><value>Data ultimo messaggio</value></key><key name="forms_search_sort_value_relevance"><value>Rilevanza del messaggio</value></key><key name="forms_search_username_field_invitation"><value>Username</value></key><key name="forms_search_username_field_label"><value>Cerca per nome utente (opzionale)</value></key><key name="forum"><value>Spazio Pubblico</value></key><key name="forum_already_connected"><value>Lo Spazio Pubblico è già collegato</value></key><key name="forum_group"><value>Spazio pubblico</value></key><key name="forum_index"><value>Spazio Pubblico</value></key><key name="forum_mobile"><value>Spazio Pubblico</value></key><key name="forum_page_heading"><value>{$forum} | Spazio Pubblico</value></key><key name="forum_quote"><value>Citazione</value></key><key name="forum_quote_from"><value>da</value></key><key name="forum_section"><value>Section</value></key><key name="forum_settings"><value>Impostazioni Public Room</value></key><key name="forum_topic"><value>Topic</value></key><key name="forum_topics_widget"><value>Argomenti</value></key><key name="general_settings"><value>Impostazioni generali</value></key><key name="goto_forum"><value>Vai nello Spazio Pubblico</value></key><key name="group_meta_description"><value>{$group} in {$site_name} Spazio Pubblico</value></key><key name="in"><value>In</value></key><key name="is_private"><value>Privato</value></key><key name="last_reply"><value>Ultima Risposta</value></key><key name="latest_reply_from"><value>Latest reply from &lt;a href="{$url}"&gt;{$user}&lt;/a&gt;</value></key><key name="locked"><value>bloccato</value></key><key name="lock_topic"><value>Blocco</value></key><key name="lock_topic_confirm"><value>Sei sicuro di voler chiudere questo argomento?</value></key><key name="messages_on_forum"><value>messaggio (i) in room</value></key><key name="meta_description_add_topic"><value>Aggiungi un nuovo argomento nello Spazio Pubblico</value></key><key name="meta_description_forums"><value>Spazio Pubblico - {$site_name}</value></key><key name="meta_title_add_topic"><value>Nuovo argomento nello "Spazio Pubblico" - {$site_name}</value></key><key name="moved_from"><value>Argomento è stato spostato da &lt;a href="{$groupUrl}"&gt;{$groupName}&lt;/a&gt;.</value></key><key name="moved_to"><value>Argomento è stato &lt;a href="{$topicUrl}"&gt;spostato&lt;/a&gt;.</value></key><key name="move_topic"><value>Sposta</value></key><key name="move_topic_btn"><value>Sposta</value></key><key name="move_topic_title"><value>Spostare Topic</value></key><key name="new"><value>nuovo</value></key><key name="new_topic_body"><value>Post</value></key><key name="new_topic_btn"><value>Nuova discussione</value></key><key name="new_topic_group"><value>Spazio</value></key><key name="new_topic_subject"><value>Argomento</value></key><key name="not_all_attachments_added"><value>Alcuni allegati superano le dimensioni del file consentito o il loro formato non supportato</value></key><key name="no_group"><value>Nessun gruppo</value></key><key name="no_posts_found"><value>Nessun post trovato</value></key><key name="no_topic"><value>Non ci sono argomenti qui. Sarai il primo.</value></key><key name="no_topics"><value>Nessun argomento</value></key><key name="page_title_uninstall"><value>Disinstallare il plugin forum</value></key><key name="pending_approval"><value></value></key><key name="permalink_label"><value>Messaggio &lt;a href="{$permalink}"&gt;#{$number}&lt;/a&gt;</value></key><key name="please_enter_keyword_or_user_name"><value>Please enter your keyword or username</value></key><key name="plugin_set_for_uninstall"><value>Plug forum disinstallare iniziato.</value></key><key name="post_attachment"><value>Post attachment</value></key><key name="post_edited"><value>Il post in Public room è a cura di</value></key><key name="post_location"><value>Posizione post:</value></key><key name="quote"><value>Citazione</value></key><key name="replies"><value>Replica</value></key><key name="search"><value>Cerca</value></key><key name="search_advanced_heading"><value>Ricerca avanzata</value></key><key name="search_example_usage"><value>Esempio di utilizzo</value></key><key name="search_example_usage_text"><value>&lt;b&gt;apple banana&lt;/b&gt; - Trova le frasi che contengono almeno una delle due parole. &lt;br /&gt;&#13;
			&lt;b&gt;+apple +juice&lt;/b&gt; - Find rows that contain both words. &lt;br /&gt;&#13;
			&lt;b&gt;+apple macintosh&lt;/b&gt; - Trova le frasi che contengono la parola "apple" ma le classifica con priorità maggiore se contengono anche la parola "macintosh" . &lt;br /&gt;&#13;
			&lt;b&gt;+apple -macintosh&lt;/b&gt; - Trova le frasi che contengono la parola "apple" ma non la parola "macintosh". &lt;br /&gt;&#13;
			&lt;b&gt;+apple ~macintosh&lt;/b&gt; - Trova le frasi che contengono la parola "apple", ma se le frasi contengono anche la parola "macintosh" vengono classificate con priorità minore rispetto a quelle che non la contengono &lt;br /&gt;&#13;
			&lt;b&gt;+apple +(&gt;turnover &lt;strudel)&lt;/b&gt; -  Trova le frasi che contengono le parole "apple" e "turnover" oppure "apple" e "strudel" (in qualunque ordine), ma classifica "apple turnover" con prioroità maggiore che "apple strudel". &lt;br /&gt;&#13;
			&lt;b&gt;apple*&lt;/b&gt; - Trova le frasi che contengono parole come "apple", "apples", applesauce" o "applet". &lt;br /&gt;&#13;
			&lt;b&gt;"some words"&lt;/b&gt; - Trova le frasi che contengono esattamente il testo "some words" (es. “some words of wisdom” ma non “some noise words”). Notare che i doppi apici che racchiudono la frase sono operatori carattere che la delimitano e vanno quindi inclusi nel campo di ricerca.</value></key><key name="search_invitation_all_forum"><value>Cerca tutti gli Spazii Pubblici</value></key><key name="search_invitation_group"><value>Cerca in questo Spazio Pubblico</value></key><key name="search_invitation_section"><value>Cerca questa sezione</value></key><key name="search_invitation_topic"><value>Cerca questo argomento</value></key><key name="search_page_heading"><value>Cerca nello Spazio Pubblico</value></key><key name="search_results"><value>Risultati ricerca</value></key><key name="select_group_error"><value>Si prega di selezionare la sezione dello Spazio Pubblico</value></key><key name="settings_updated"><value>Impostazioni aggiornate</value></key><key name="sort_by_date"><value>Ultima data messaggio</value></key><key name="sort_by_relevance"><value>Rilevanza</value></key><key name="sticky"><value>permanente</value></key><key name="sticky_topic"><value>Rendi permanente</value></key><key name="sticky_topic_confirm"><value>Siete sicuri di voler fare questo argomento permanente?</value></key><key name="subscribe"><value>Iscriviti a nuovi post</value></key><key name="subscribe_confirm"><value>Do you really want to subscribe to this topic?</value></key><key name="subscription-added"><value>Abbonamento argomento aggiunto</value></key><key name="subscription-canceled"><value>Abbonamento argomento annullato</value></key><key name="this_topic"><value>Questo argomento</value></key><key name="topic"><value>Argomento</value></key><key name="topics"><value>Argomenti</value></key><key name="topic_attachments"><value>{$count} file allegati</value></key><key name="topic_is_locked"><value>Questo argomento è chiuso</value></key><key name="topic_is_sticky"><value>Questo topic è appiccicoso</value></key><key name="topic_location"><value>Topic posizione:</value></key><key name="topic_page_heading"><value>{$topic} | Spazio Pubblico</value></key><key name="uninstall_inprogress"><value>In corso</value></key><key name="uninstall_inprogress_desc"><value>Per favore attendi che tutti i contenuti nello Spazio Pubblico sono stati rimossi. Questo fa prendere un po 'a seconda del numero dei messaggi presenti nello Spazio Pubblico sul tuo sito.</value></key><key name="unlock_topic"><value>Sblocca</value></key><key name="unlock_topic_confirm"><value>Sei sicuro che si desidera sbloccare questo argomento?</value></key><key name="unmalaghettaprogress"><value></value></key><key name="unmalaghettaprogress_desc"><value></value></key><key name="unsticky_topic"><value>Togliere dall'appiccicoso</value></key><key name="unsticky_topic_confirm"><value>Questo argomento non sarà appiccicoso. Sei sicuro di voler rimuovere questo argomento da quelli appiccicoso?</value></key><key name="unsubscribe"><value>Unsubscribe</value></key><key name="unsubscribe_confirm"><value>Do you really want to unsubscribe to this topic?</value></key><key name="upload_ini_value"><value>(Server limit: {$value})</value></key><key name="usercredits_action_add_post"><value>Post nello Spazio Pubblico</value></key><key name="views"><value>Vedi</value></key><key name="view_quote"><value>View quote</value></key><key name="visible_to"><value>Visibile per ruoli utente</value></key><key name="where_to_search"><value>Dove ricercare</value></key><key name="widget_latest_topics_label"><value>Public room</value></key><key name="write_reply"><value>Write reply...</value></key></prefix>
