<?xml version="1.0" encoding="utf-8"?>
<prefix name="friends" label="Friends" language_tag="it" language_label="Italiano"><key name="accept_request"><value>Accettare</value></key><key name="activity_content"><value>{$user_avatar} {$requester_avatar}</value></key><key name="activity_title"><value>&lt;a href="{$user_url}"&gt;{$name}&lt;/a&gt; e &lt;a href="{$requester_url}"&gt;{$requester_name}&lt;/a&gt; ora sono amici</value></key><key name="add_to_friends"><value>Aggiungi agli amici</value></key><key name="auth_action_label_add_friend"><value>Aggiungi un amico</value></key><key name="auth_group_label"><value>Amici</value></key><key name="cancel_request"><value>Annullare</value></key><key name="comment_activity_string"><value>ha commentato {$user1} and {$user2} amicizia</value></key><key name="confirmed_mail_html"><value>&lt;p&gt;&#13;
Ciao {$sender},&#13;
&lt;/p&gt;&#13;
&lt;p&gt;&#13;
Siamo lieti di farvi sapere che &lt;a href="{$receiver_url}"&gt;{$receiver}&lt;/a&gt; confermato come amico su &lt;a href="{$site_url}"&gt;{$site_name}&lt;/a&gt;.&#13;
&lt;/p&gt;&#13;
&lt;p&gt;&#13;
Grazie,&lt;br /&gt;&#13;
Administration&lt;br /&gt;&#13;
&lt;a href="{$site_url}"&gt;{$site_name}&lt;/a&gt;&#13;
&lt;/p&gt;</value></key><key name="confirmed_mail_subject"><value>{$receiver} confermato come amico</value></key><key name="confirmed_mail_txt"><value>Ciao {$sender},&#13;
&#13;
Siamo lieti di farvi sapere che {$receiver} confermato come amico su {$site_name}.&#13;
&#13;
{$receiver}'s profilo: {$receiver_url}&#13;
{$site_name}: {$site_url}&#13;
&#13;
Grazie,&#13;
Administration&#13;
{$site_name}&#13;
{$site_url}</value></key><key name="console_requests_title"><value>Richieste di amicizia</value></key><key name="console_request_item"><value>&lt;a target="_blank" href="{$userUrl}"&gt;{$displayName}&lt;/a&gt; &#13;
vuole essere amico/a con te.</value></key><key name="email_notifications_setting_accept"><value>Qualcuno accetta la mia richiesta di amicizia</value></key><key name="email_notifications_setting_request"><value>Qualcuno mi invia richiesta di amicizia</value></key><key name="feedback_cancelled"><value>Cancellato</value></key><key name="feedback_request_accepted"><value>Nuovo amico aggiunto</value></key><key name="feedback_request_already_sent_error_message"><value>Richiesta già inviata</value></key><key name="feedback_request_ignored"><value>Richiesta ignorata</value></key><key name="feedback_request_was_sent"><value>Richiesta di amicizia inviata!</value></key><key name="feed_content_label"><value>Amici</value></key><key name="friendship_management_area"><value>Gestisci la tua amicizia</value></key><key name="friends_tab"><value>Amici {$count}</value></key><key name="friend_requests"><value>Richieste di amicizia</value></key><key name="friend_request_was_sent"><value>La richiesta di amicizia è stata inviata</value></key><key name="got_requests_tab"><value>Richieste ricevute {$count}</value></key><key name="ignore_request"><value>Ignorare</value></key><key name="like_activity_string"><value>ha condiviso che {$user1} e {$user2} ora sono amici</value></key><key name="my_friends_page_heading"><value>Miei Amici</value></key><key name="my_friends_page_title"><value>Miei Amici - {$site_name}</value></key><key name="newsfeed_action_string"><value>e &lt;a href="{$user_url}"&gt;{$name}&lt;/a&gt; sono amici ora</value></key><key name="new_friend_added"><value>Nuovo amico aggiunto</value></key><key name="notification_section_label"><value>Amici</value></key><key name="notify_accept"><value>{$receiver} confermato come amico</value></key><key name="notify_request"><value>{$sender}  vuole essere vostro amico.</value></key><key name="notify_request_content"><value>&lt;p&gt; &lt;a href="{$request_url}"&gt;Click qui&lt;/a&gt; per accettare la richiesta. &lt;/p&gt;</value></key><key name="notify_request_content_string"><value>&lt;p&gt;&lt;a href="{$url}"&gt;Clicca qui&lt;/a&gt; per visualizzare tutte le richieste.&lt;/p&gt;</value></key><key name="notify_request_string"><value>&lt;a href="{$userUrl}"&gt;{$displayName}&lt;/a&gt; richiede la tua amicizia</value></key><key name="privacy_action_view_friends"><value>Vedi i miei amici</value></key><key name="privacy_friends_only"><value>Miei amici</value></key><key name="remove_from_friends"><value>Rimuovi da amici</value></key><key name="remove_from_friendship_button"><value>Rimuovi da amici</value></key><key name="request_friendship_button"><value>Invia richiesta di amicizia</value></key><key name="request_mail_html"><value>&lt;p&gt;&#13;
Ciao {$receiver},&#13;
&lt;/p&gt;&#13;
&lt;p&gt;&#13;
&lt;a href="{$sender_url}"&gt;{$sender}&lt;/a&gt; vuole aggiungere come amico su &lt;a href="{$site_url}"&gt;{$site_name}&lt;/a&gt;.&#13;
&lt;/p&gt;&#13;
&lt;p&gt;&#13;
&lt;a href="{$request_url}"&gt;Clicca qui&lt;/a&gt; di accettare tale richiesta.&#13;
&lt;/p&gt;&#13;
&lt;p&gt;&#13;
Grazie,&lt;br /&gt;&#13;
Administration&lt;br /&gt;&#13;
&lt;a href="{$site_url}"&gt;{$site_name}&lt;/a&gt;&#13;
&lt;/p&gt;&#13;
&#13;
&#13;
PAGINA 264 NUMERO 18</value></key><key name="request_mail_subject"><value>{$sender} vuole essere amico con voi</value></key><key name="request_mail_txt"><value>Ciao {$receiver},&#13;
&#13;
{$sender} vuole aggiungere come amico su {$site_name}.&#13;
&#13;
{$sender}'s profilo: {$sender_url}&#13;
{$site_name}: {$site_url}&#13;
&#13;
Per accettare la richiesta accedi alla {$request_url}&#13;
&#13;
Grazie,&#13;
Administration&#13;
{$site_name}&#13;
{$site_url}&#13;
&#13;
PAGINA 264 NUMERO 16</value></key><key name="sent_requests_tab"><value>Richieste inviate {$count}</value></key><key name="usercredits_action_add_friend"><value>Aggiungi amico</value></key><key name="user_friends_page_heading"><value>{$user}'s amici</value></key><key name="user_friends_page_title"><value>{$user}'s amici - {$site_name}</value></key><key name="user_widget_empty"><value>Non hai ancora amici</value></key><key name="user_widget_settings_count"><value>Contatore</value></key><key name="user_widget_title"><value>Amici</value></key><key name="view_profile"><value>Mostra</value></key><key name="widget_friends"><value>Amici</value></key><key name="widget_got_requests"><value>Richieste ricevute</value></key><key name="widget_sent_requests"><value>Richieste inviate</value></key><key name="widget_title"><value>I miei amici</value></key></prefix>
