<?xml version="1.0" encoding="utf-8"?>
<prefix name="groups" label="Groups" language_tag="it" language_label="Italiano"><key name="activity_add_string"><value>&lt;a href="{$userUrl}"&gt;{$user}&lt;/a&gt; creato nuovo gruppo: &lt;a href="{$groupUrl}"&gt;{$groupTitle}&lt;/a&gt;</value></key><key name="activity_join_string"><value>&lt;a href="{$userUrl}"&gt;{$user}&lt;/a&gt; appena iscritto al gruppo &lt;a href="{$groupUrl}"&gt;{$groupTitle}&lt;/a&gt;</value></key><key name="additional_features"><value>Altre caratteristiche</value></key><key name="add_new"><value>Crea nuovo</value></key><key name="add_new_label"><value>Gruppo</value></key><key name="admin_sidebar_menu_label"><value>Gruppi</value></key><key name="auth_action_label_add_comment"><value>Scrivere sul muro un commento</value></key><key name="auth_action_label_add_topic"><value>Crea/Modifica argomento</value></key><key name="auth_action_label_create"><value>Creare gruppi</value></key><key name="auth_action_label_delete_comment_by_content_owner"><value>L'autore può eliminare i commenti sul muro</value></key><key name="auth_action_label_view"><value>View grouppi</value></key><key name="auth_action_label_wall_post"><value>Permetti messaggi in "What' s new" del gruppo</value></key><key name="auth_group_label"><value>Gruppi</value></key><key name="comment_activity_string"><value>commenti in questo gruppo</value></key><key name="confirm_delete_groups"><value>Sei sicuro di voler rimuovere tutti i gruppi?</value></key><key name="console_notification_label"><value>Inviti a gruppi</value></key><key name="content_groups_label"><value></value></key><key name="content_group_label"><value></value></key><key name="create_field_description_label"><value>descrizione</value></key><key name="create_field_image_label"><value>Immagine</value></key><key name="create_field_title_label"><value>Titolo</value></key><key name="create_heading"><value>Crea gruppo</value></key><key name="create_new_topic"><value>Crea nuovo argomento in "public room" - {$group}</value></key><key name="create_no_permission"><value>Non sei autorizzato a creare un gruppo</value></key><key name="create_page_description"><value></value></key><key name="create_page_title"><value>Crea nuovo gruppo - {$site_name}</value></key><key name="create_submit_btn_label"><value>Crea</value></key><key name="create_success_msg"><value>Gruppo creato</value></key><key name="creator"><value>Creatore</value></key><key name="delete_complete_msg"><value>Gruppo cancellato</value></key><key name="delete_confirm_msg"><value>Sei sicuro di voler cancellare questo gruppo? Questo rimuoverà anche tutto il suo contenuto.</value></key><key name="delete_content"><value>Eliminare il contenuto e disinstallare il plugin</value></key><key name="delete_content_desc"><value>Prima di disinstallare il plugin gruppo dobbiamo rimuovere tutti i gruppi esistenti. Questa operazione potrebbe richiedere un po '. È per questo che metteremo il sito in "modalità di manutenzione" e attivare di nuovo dopo aver completato la disinstallazione.</value></key><key name="delete_content_warning"><value>Attenzione</value></key><key name="delete_feed_item_confirmation"><value>Sei sicuro?</value></key><key name="delete_feed_item_label"><value>Elimina messaggio</value></key><key name="delete_group_label"><value>Cancella</value></key><key name="delete_group_user_confirmation"><value>Sei sicuro di voler eliminare l'utente da questo gruppo</value></key><key name="delete_group_user_label"><value>Elimina utente</value></key><key name="delete_user_success_message"><value>L'utente è stato cancellato</value></key><key name="edit_back_label"><value>Torna al gruppo</value></key><key name="edit_btn_label"><value>Modifica</value></key><key name="edit_submit_btn_label"><value>Salva</value></key><key name="edit_success_msg"><value>Modifiche salvate</value></key><key name="email_notification_comment"><value>&lt;a href="{$userUrl}"&gt;{$userName}&lt;/a&gt; ha aggiunto un commento sul muro &lt;a href="{$url}"&gt;{$title}&lt;/a&gt; del gruppo</value></key><key name="email_notification_comment_setting"><value>Qualcuno ha postato sul muro di un gruppo in cui partecipi</value></key><key name="email_notification_invite"><value>&lt;a href="{$inviterUrl}"&gt;{$inviterName}&lt;/a&gt; ti ha invitato al "&lt;a href="{$groupUrl}"&gt;{$groupName}&lt;/a&gt; gruppo"</value></key><key name="email_notification_section_label"><value>Gruppi</value></key><key name="errors_image_invalid"><value>Immagine tipo non valido. Solo JPG / JPEG / PNG / GIF consentito.</value></key><key name="errors_image_upload"><value>Caricamento file fallito</value></key><key name="error_forum_disconnected"><value>Attenzione: Il forum è obbligatorio per i gruppi. Vai a &lt;a href="{$url}"&gt;plug in lista&lt;/a&gt; per attivarla</value></key><key name="feed_activity_joined"><value>{$user} appena iscritto</value></key><key name="feed_activity_users"><value>Totale utenti: &lt;span class="ow_txt_value"&gt;{$usersCount}&lt;/span&gt;</value></key><key name="feed_content_label"><value>Gruppi</value></key><key name="feed_create_string"><value>creato nuovo gruppo</value></key><key name="feed_follow_complete_msg"><value>Ora stai seguendo {$groupTitle}</value></key><key name="feed_group_follow"><value>Segui</value></key><key name="feed_group_unfollow"><value>Non seguire</value></key><key name="feed_join_string"><value>appena aggiunto a questo gruppo</value></key><key name="feed_unfollow_complete_msg"><value>Non sei più seguito {$groupTitle}</value></key><key name="flags"><value>Gruppi</value></key><key name="form_who_can_invite_creator"><value>Unico creatore Group</value></key><key name="form_who_can_invite_label"><value>Chi può invitare</value></key><key name="form_who_can_invite_participants"><value>Partecipanti</value></key><key name="form_who_can_view_anybody"><value>Nessuno</value></key><key name="form_who_can_view_invite"><value>Solo su invito</value></key><key name="form_who_can_view_label"><value>Chi può visualizzare</value></key><key name="forum_connected"><value>Forum è stato collegato al plugin di gruppi</value></key><key name="general_settings"><value>Generale</value></key><key name="groups_widget_empty"><value>Nessun gruppo</value></key><key name="group_already_exists"><value>Un gruppo con questo nome esiste già</value></key><key name="group_edited_string"><value></value></key><key name="group_list_heading"><value>Gruppi</value></key><key name="group_list_menu_item_invite"><value>Inviti</value></key><key name="group_list_menu_item_latest"><value>Ultimo</value></key><key name="group_list_menu_item_my"><value>I miei gruppi</value></key><key name="group_list_menu_item_popular"><value>Più popolari</value></key><key name="group_owner_delete_error"><value>Non è possibile eliminare il proprietario di questo gruppo</value></key><key name="invitation_join_string_1"><value>{$User1} vi invita a gruppo {$gruppo}.</value></key><key name="invitation_join_string_2"><value>{$User1} e {$user2} vi invitano a {$gruppo}</value></key><key name="invitation_join_string_many"><value>{$User1} e {$user2} e {$otherUsers} vi invitano a {$gruppo}</value></key><key name="invitation_join_string_other_users"><value>altri utenti</value></key><key name="invite_accept_label"><value>Accettare</value></key><key name="invite_btn_label"><value>Invitare</value></key><key name="invite_declined_message"><value>L'invito è stato rifiutato</value></key><key name="invite_decline_label"><value>Ignorare</value></key><key name="invite_fb_title"><value>Invitare i miei amici</value></key><key name="invite_list_heading"><value>Inviti a gruppi</value></key><key name="invite_list_page_title"><value>Inviti a gruppi - {$site_name}</value></key><key name="join_complete_message"><value>Ora fai parte di questo gruppo</value></key><key name="latest_list_page_description"><value>Recentemente ha creato gruppi di utenti su {$site_name}.</value></key><key name="latest_list_page_title"><value>Gli ultimi gruppi su {$site_name}</value></key><key name="leave_complete_message"><value>Hai lasciato questo gruppo</value></key><key name="listing_no_items_msg"><value>Nessun gruppo disponibile</value></key><key name="listing_users_label"><value>&lt;span class="ow_txt_value"&gt;{$count}&lt;/span&gt; membri</value></key><key name="main_menu_list"><value>Gruppi</value></key><key name="my_groups"><value>I miei gruppi</value></key><key name="my_list_page_title"><value>I miei gruppi a {$site_name}</value></key><key name="notifications_new_message"><value>Qualcuno mi invita a un gruppo</value></key><key name="page_title_uninstall"><value>Disinstallare il plugin gruppi</value></key><key name="plugin_set_for_uninstall"><value>Plug forum disinstallare iniziato.</value></key><key name="popular_list_page_description"><value>I gruppi di utenti più popolari creati su {$site_name}.</value></key><key name="popular_list_page_title"><value>Gruppi più popolari su {$site_name}</value></key><key name="post_reply_permission_error"><value>Devi essere un membro del gruppo per postare.</value></key><key name="privacy_action_view_my_groups"><value>I miei gruppi</value></key><key name="private_group_text"><value>Siamo spiacenti. Questo gruppo è privato.</value></key><key name="private_page_heading"><value>Gruppo privato</value></key><key name="private_page_title"><value>Gruppo privato</value></key><key name="topic_page_heading"><value>{$topic} - {$group}</value></key><key name="uninstall_inprogress"><value>In corso</value></key><key name="uninstall_inprogress_desc"><value>Per favore attendi che tutti i contenuti del forum è stato rimosso. Questo fa prendere un po 'a seconda del numero di gruppi sul tuo sito.</value></key><key name="unmalaghettaprogress"><value></value></key><key name="unmalaghettaprogress_desc"><value></value></key><key name="usercredits_action_add_comment"><value>Commento sul muro del gruppo</value></key><key name="usercredits_action_add_group"><value>Crea gruppo</value></key><key name="usercredits_action_add_post"><value>Messaggio nel forum del gruppo</value></key><key name="users_invite_success_message"><value>Gli utenti{$count}  invitati</value></key><key name="user_groups_page_description"><value>I gruppi di utenti su {$site_name}.</value></key><key name="user_groups_page_title"><value>Gruppi su {$site_name}</value></key><key name="user_groups_widget_empty"><value>Nessun gruppo</value></key><key name="user_group_list_heading"><value>{$userName} gruppi</value></key><key name="user_join_activity_string"><value>gruppo unito</value></key><key name="user_list_widget_empty"><value>Oops, senza profili</value></key><key name="view_all_topics"><value>« Torna al gruppo</value></key><key name="view_no_permission"><value>Non sei autorizzato a visualizzare i gruppi</value></key><key name="view_page_description"><value>{$description}</value></key><key name="view_page_title"><value>{$group_name} - gruppo su {$site_name}</value></key><key name="wall_widget_label"><value>Il Muro</value></key><key name="widgets_panel_heading"><value>Configurazione Grouppi</value></key><key name="widget_brief_info_admin"><value>Admin: &lt;a href="{$url}"&gt;{$name}&lt;/a&gt;</value></key><key name="widget_brief_info_create_date"><value>Creato: {$date}</value></key><key name="widget_brief_info_label"><value>Info Gruppo</value></key><key name="widget_groups_count_setting"><value>Conta</value></key><key name="widget_groups_show_titles_setting"><value>Vedi titoli gruppi</value></key><key name="widget_groups_title"><value>Gruppi</value></key><key name="widget_invite_button_title"><value>Invitare</value></key><key name="widget_join_button"><value>Partecipa</value></key><key name="widget_join_button_title"><value>Pulsante Iscriviti</value></key><key name="widget_leave_button"><value>Lascia Grouppo</value></key><key name="widget_leave_button_title"><value>Pulsante Lascia</value></key><key name="widget_users_settings_count"><value>Conta</value></key><key name="widget_users_title"><value>Utenti</value></key><key name="widget_users_view_all"><value>Vedi tutti</value></key><key name="widget_user_groups_settings_count"><value>Numero di gruppi presenti</value></key><key name="widget_user_groups_title"><value>Gruppi</value></key><key name="widget_user_groups_view_all"><value>Vedi tutti</value></key></prefix>
