<?xml version="1.0" encoding="utf-8"?>
<prefix name="mobile" label="Mobile" language_tag="it" language_label="Italiano"><key name="about"><value></value></key><key name="admin_nav_adding_message"><value></value></key><key name="admin_nav_bottom_section_label"><value></value></key><key name="admin_nav_default_menu_name"><value></value></key><key name="admin_nav_default_page_content"><value></value></key><key name="admin_nav_default_page_title"><value></value></key><key name="admin_nav_hidden_section_label"><value></value></key><key name="admin_nav_item_content_field"><value></value></key><key name="admin_nav_item_label_field"><value></value></key><key name="admin_nav_item_title_field"><value></value></key><key name="admin_nav_item_type_external"><value></value></key><key name="admin_nav_item_type_field"><value></value></key><key name="admin_nav_item_type_local"><value></value></key><key name="admin_nav_item_url_field"><value></value></key><key name="admin_nav_new_item_label"><value></value></key><key name="admin_nav_settings_fb_title"><value></value></key><key name="admin_nav_top_section_label"><value></value></key><key name="admin_widgets_hidden_section_label"><value></value></key><key name="admin_widgets_main_section_label"><value></value></key><key name="menu_item_dashboard"><value>Dashboard</value></key><key name="mobile_admin_navigation"><value></value></key><key name="mobile_admin_pages_dashboard"><value>Dashboard</value></key><key name="mobile_admin_pages_index"><value></value></key><key name="mobile_admin_pages_profile"><value></value></key><key name="mobile_admin_settings"><value></value></key><key name="mobile_join_promo"><value></value></key><key name="mobile_pages_dashboard"><value>My Dashboard</value></key><key name="page_default_heading"><value></value></key><key name="page_default_title"><value></value></key><key name="page_is_not_available"><value></value></key><key name="right_sidebar_guest_heading"><value></value></key><key name="sign_out"><value></value></key><key name="view_profile"><value></value></key><key name="widgets_admin_dashboard_heading"><value>Mobile dashboard page</value></key><key name="widgets_admin_index_heading"><value></value></key><key name="widgets_admin_profile_heading"><value></value></key></prefix>
