<?xml version="1.0" encoding="utf-8"?>
<prefix name="nav" label="Navigation" language_tag="it" language_label="Italiano"><key name="menu_item_main_forum"><value>Public room</value></key><key name="menu_item_main_photo_list"><value>Foto</value></key><key name="page_custom_title"><value>{$title} - {$site_name}</value></key><key name="page_default_description"><value>{$site_name} è la piattaforma sociale che consente ai cittadini di interagire sui dataset di open data considerati da fonti differenti. Rispetto ai tradizionali social network, le discussioni sono organizzare in “Stanze Pubbliche”, raggruppate nell ‘ Agora.&#13;
Ogni utente ha uno spazio personale, denominato “Spazio privato”, in cui è possibile aggiungere visualizzazioni di datasets di open data, indirizzi web e note da riutilizzare successivamente in una discussione. Puoi iniziare a scrivere il tuo stato nella pagina “Novità”, in cui vengono mostrate le attività di tutti gli utenti.</value></key><key name="page_default_heading"><value>{$site_name} - social networking</value></key><key name="page_default_keywords"><value>social, network, community, auto, automobili</value></key><key name="page_default_title"><value>{$site_name} - social networking</value></key></prefix>
