<?xml version="1.0" encoding="utf-8"?>
<prefix name="ode" label="Open Data Enabler" language_tag="it" language_label="Italiano"><key name="add_attachment"><value>Aggiungi file</value></key><key name="add_datalet"><value>Add datalet</value></key><key name="add_maplet"><value>Aggiungi mappa</value></key><key name="add_ode_button"><value>Aggiungi datalet</value></key><key name="add_SPLOD_datalet"><value>Aggiungi datalet con LOD</value></key><key name="event_post_od"><value>Aggiungi datalet</value></key><key name="event_post_od_private_room"><value>Private Room</value></key><key name="forum_post_od"><value>OD</value></key><key name="forum_post_od_private_room"><value>Private Room</value></key><key name="my_space"><value>Importa da Spazio privato</value></key></prefix>
