<?xml version="1.0" encoding="utf-8"?>
<prefix name="openidconnect" label="OpenID Connector" language_tag="it" language_label="Italiano"><key name="add_key_submit"><value>SALVA</value></key><key name="admin_heading"><value>OPEN ID - IMPOSTAZIONI</value></key><key name="admin_title"><value>Open ID Impostazioni</value></key><key name="login"><value>Log In</value></key><key name="msg_login"><value>, ti sei loggato.</value></key><key name="new_facebook_user_email_subject"><value>Nuovo utentescritto tramite Facebook</value></key><key name="new_facebook_user_email_template_html"><value>&lt;a href="{$user_url}"&gt;{$display_name}&lt;/a&gt; si e registrato su SPOD tramite Facebook.</value></key><key name="new_facebook_user_email_template_text"><value>{$display_name} si e' registrato su SPOD tramite Facebook. Ecco il suo profilo utente: {$user_url}</value></key></prefix>
