<?xml version="1.0" encoding="utf-8"?>
<prefix name="openwall" label="Open wall" language_tag="it" language_label="Italiano"><key name="activities"><value>Le attività</value></key><key name="add_key_submit"><value>AGGIUNGI PROVIDER</value></key><key name="admin_heading"><value>BACHECA - IMPOSTAZIONI PLUGIN</value></key><key name="admin_title"><value>Impostazioni bacheca</value></key><key name="datalet_description"><value>Una &lt;b&gt;datalet&lt;/b&gt; è una componente riutilizzabile che permette di caricare i dati da fonti di Open Data, filtrali e visualizzarli. Le Datalets sono blocchi di discussioni in SPOD. A destra, puoi vedere l’ultima datalet creata nella nostra piattaforma.</value></key><key name="explore_datasets_heading"><value>Esplora i portali di datasets associati</value></key><key name="explore_datasets_instructions"><value>&lt;p&gt;Puoi esplorare i nostri portali di dataset associati . Clicca su un rettangolo in basso per la tua ricerca e puoi trovare il dataset cercato. Le dimensioni del rettangolo sono proporzionali al numero di datasets disponibili. Si può continuare a cliccare fino a quando un'anteprima del dataset si visualizzerà. Se vuoi tornare indietro, al livello superiore, è sufficiente fare clic sulla barra superiore.&lt;/p&gt;&lt;p&gt;I portali di datasets associati:&lt;/p&gt;</value></key><key name="front_description"><value>&lt;h4&gt;Benvenuto in SPOD!&lt;/h4&gt;&#13;
&#13;
&lt;p align="justify"&gt;&#13;
&lt;p align="justify"&gt;&lt;strong&gt;S&lt;/strong&gt;ocial &lt;strong&gt;P&lt;/strong&gt;latform for &lt;strong&gt;O&lt;/strong&gt;pen &lt;strong&gt;D&lt;/strong&gt;ata (SPOD) consente ai cittadini di interagire sui dataset di open data considerati da fonti differenti. &#13;
Rispetto ai tradizionali social network, le discussioni sono organizzare in “Stanze Pubbliche”, raggruppate nell ‘Agora. &lt;/p&gt;&#13;
&lt;p align="justify"&gt;Ogni utente ha uno spazio personale, denominato “Spazio privato”, in cui è possibile aggiungere visualizzazioni di datasets di open data, indirizzi web e note da riutilizzare successivamente in una discussione.&lt;/p&gt;&#13;
&lt;p align="justify"&gt;Puoi iniziare a scrivere il tuo stato nella pagina “Novità”, in cui vengono mostrate le attività di tutti gli utenti.&lt;br&gt;&#13;
Divertiti!&#13;
&#13;
&#13;
&lt;h4&gt;Guida di SPOD in 4 minuti&lt;/h4&gt;&#13;
&lt;iframe width="530" height="250" src="https://www.youtube.com/embed/h80nwnjQ040" frameborder="0" allowfullscreen&gt;&lt;/iframe&gt;&#13;
&#13;
&lt;h4&gt;Come Contattarci &lt;/h4&gt;&#13;
&lt;p&gt;Ti serve aiuto? Invia una mail a: &lt;b&gt;&lt;br&gt;&lt;em&gt;webmaster@routetopa.eu&lt;/em&gt;&lt;b&gt; &lt;/p&gt;&#13;
&#13;
&#13;
&lt;h4&gt;Browser consigliati&lt;/h4&gt;&#13;
&lt;p&gt;&#13;
Chrome, Firefox e Microsoft Edge&#13;
&lt;/p&gt;&#13;
&#13;
&lt;h4&gt;Seguici su: &lt;/h4&gt;&#13;
&lt;p&gt;&#13;
&lt;a class="twitter-follow-button" href="https://twitter.com/RouteToPA" target="_parent" data-show-count="false"&gt;Follow @RouteToPA&lt;/a&gt;&#13;
&lt;script src="//platform.twitter.com/widgets.js" async="" charset="utf-8"&gt;&lt;/script&gt;&#13;
&#13;
&lt;a href="http://www.routetopa.eu/" target="_blank"&gt;&lt;img style="width: 30px; height: 30px;" src="http://routetopa.eu/wp-content/uploads/2015/06/xLogoRtPA-150.png.pagespeed.ic.bMneOQbsEZ.png" alt="ROUTE TO PA project" /&gt;&lt;/a&gt;&#13;
&#13;
&lt;iframe style="border: none; overflow: hidden;" src="https://www.facebook.com/plugins/share_button.php?href=https%3A%2F%2Fwww.facebook.com%2Froutetopa%2F&amp;layout=button_count&amp;size=small&amp;mobile_iframe=true&amp;width=80&amp;height=20&amp;appId" width="80" height="20" frameborder="0" scrolling="no"&gt;&lt;/iframe&gt;&#13;
&lt;/p&gt;</value></key><key name="index_page_heading"><value>Benvenuto in SPOD</value></key><key name="index_page_title"><value>Bacheca</value></key><key name="last_room"><value>L'ultima Stanza Pubblica creata in Agorà è:</value></key><key name="main_menu_item"><value>Bacheca</value></key><key name="meet_datalet"><value>Incontra le Datalets!</value></key><key name="oid_email"><value>Email</value></key><key name="oid_forgot"><value>Password dimenticata</value></key><key name="oid_login"><value>Login</value></key><key name="oid_password"><value>Password</value></key><key name="oid_register"><value>Nuovo utente? Registrati adesso</value></key><key name="oid_submit"><value>Accedi</value></key><key name="users_online"><value>Il numero di utenti online è:</value></key></prefix>
