<?xml version="1.0" encoding="utf-8"?>
<prefix name="privacy" label="Privacy" language_tag="it" language_label="Italiano"><key name="action_action_data_not_changed"><value>Impostazioni non cambiate</value></key><key name="action_action_data_was_saved"><value>Le modifiche apportate vengono applicate. Questo può richiedere del tempo.</value></key><key name="bottom warning"><value></value></key><key name="no_items"><value>articoli</value></key><key name="privacy_description"><value>Qui è possibile impostare le autorizzazioni di accesso ai tuoi contenuti.</value></key><key name="privacy_everybody"><value>Tutti</value></key><key name="privacy_index"><value>Privacy</value></key><key name="privacy_no_permission_heading"><value>Privato</value></key><key name="privacy_no_permission_message"><value>{$display_name} sceglie di non condividere questo contenuto.</value></key><key name="privacy_only_for_me"><value>Solo io</value></key><key name="privacy_submit_button"><value>Salva</value></key></prefix>
