<?xml version="1.0" encoding="utf-8"?>
<prefix name="questions" label="Questions" language_tag="it" language_label="Italiano"><key name="admin_allow_comments_label"><value>Abilita i commenti</value></key><key name="admin_allow_popups_desc"><value>Open questions in pop-up window</value></key><key name="admin_allow_popups_label"><value>Enable pop-ups</value></key><key name="admin_enable_follow_desc"><value>Allow users to follow questions</value></key><key name="admin_enable_follow_label"><value>Enable follow</value></key><key name="admin_extended_version"><value>Extended Version</value></key><key name="admin_extended_version_page_heading"><value>Extended Questions</value></key><key name="admin_general_settings"><value>Settings</value></key><key name="admin_list_order_label"><value>Default list order</value></key><key name="admin_main_page_heading"><value>Questions</value></key><key name="admin_main_page_title"><value>Questions</value></key><key name="admin_main_settings_title"><value>Impostazioni generali</value></key><key name="admin_save_btn"><value>Save</value></key><key name="admin_settings_updated"><value>Settings have been updated</value></key><key name="admin_setup_extended_version_notification"><value>Extended version of &lt;b&gt;Questions&lt;/b&gt; plugin is available on Store. &lt;a href="{$href}"&gt;Read more...&lt;/a&gt;</value></key><key name="admin_setup_go_to_store"><value>Go to Store</value></key><key name="auth_add_answer"><value>Add options to questions of other users</value></key><key name="auth_add_comment"><value>Consenti i commenti</value></key><key name="auth_answer"><value>Answer questions</value></key><key name="auth_answer_delete_comment"><value>L' autore della domanda può cancellare i commenti</value></key><key name="auth_ask"><value>Ask questions</value></key><key name="auth_group_label"><value>Questions</value></key><key name="counter_comments_label"><value>commenti</value></key><key name="counter_follows_label"><value>followers</value></key><key name="counter_votes_label"><value>voti</value></key><key name="delete_question_confirm"><value>Are you sure you want to delete this question? This cannot be undone.</value></key><key name="email_notifications_answer"><value>&lt;a href="{$userUrl}"&gt;{$userName}&lt;/a&gt; answered on &lt;a href="{$questionUrl}"&gt;question&lt;/a&gt; with &lt;a href="{$questionUrl}"&gt;{$answer}&lt;/a&gt;</value></key><key name="email_notifications_post"><value>&lt;a href="{$userUrl}"&gt;{$userName}&lt;/a&gt; ha commentato su &lt;a href="{$questionUrl}"&gt;{$question}&lt;/a&gt;</value></key><key name="email_notifications_section_label"><value>Questions</value></key><key name="email_notifications_setting_answer"><value>Qualcuno ha risposto su di una domanda che seguo</value></key><key name="email_notifications_setting_post"><value>Qualcuno ha commentato su una domanda che seguo</value></key><key name="equestions+email_notifications_post"><value>&lt;a href="{$userUrl}"&gt;{$userName}&lt;/a&gt; ha commentato su &lt;a href="{$questionUrl}"&gt;{$question}&lt;/a&gt;</value></key><key name="feedback_option_max_length"><value>The answer you entered is too long. Please try again.</value></key><key name="feedback_question_dublicate_option"><value>You were trying to add an option that already exists on this question</value></key><key name="feedback_question_empty"><value>Si prega di inserire una domanda valida (non vuota).</value></key><key name="feedback_question_max_length"><value>The question you entered is too long. Please try again.</value></key><key name="feedback_question_min_length"><value>The question you entered is too short. Please try again.</value></key><key name="feedback_question_two_apt_required"><value>Please add at least two options or allow users to add options</value></key><key name="feed_content_label"><value>Questions</value></key><key name="feed_order_latest"><value>Più recenti</value></key><key name="feed_order_popular"><value>Più popolari</value></key><key name="followers_fb_title"><value>People who are following this question</value></key><key name="item_text_answer"><value>ha risposto {$question} con {$with}</value></key><key name="item_text_create"><value>ha chiesto {$question}</value></key><key name="item_text_follow"><value>ha seguito {$question}</value></key><key name="item_text_post"><value>ha commentato {$question} con {$with}</value></key><key name="list_all_page_description"><value>Latest questions at {$site_name}</value></key><key name="list_all_page_title"><value>Questions at {$site_name}</value></key><key name="list_all_tab"><value>Tutte le domande</value></key><key name="list_friends_page_title"><value>Friends' questions at {$site_name}</value></key><key name="list_friends_tab"><value>Domande degli amici</value></key><key name="list_heading"><value>Domande</value></key><key name="list_my_page_title"><value>My questions at {$site_name}</value></key><key name="list_my_tab"><value>Le mie domande</value></key><key name="main_menu_list"><value>Domande</value></key><key name="more_options_btn"><value>&lt;span class="qa-vm-count"&gt;{$count}&lt;/span&gt; more...</value></key><key name="more_users_title"><value>[count] other people</value></key><key name="newsfeed_question_tab"><value>Domanda</value></key><key name="newsfeed_status_tab"><value>Stato</value></key><key name="notifications_answer"><value>{$user} ha risposto {$question} con {$answer}</value></key><key name="notifications_post"><value>{$user} ha commentato sulla {$question} con {$post}</value></key><key name="not_authed_delete_warning"><value>You need to be logged in to delete questions</value></key><key name="not_authed_follow_warning"><value>You need to be logged in to follow questions</value></key><key name="not_authed_unfollow_warning"><value>You need to be logged in to unfollow questions</value></key><key name="option_add_btn"><value>Add</value></key><key name="option_add_inv"><value>Aggiungi una risposta...</value></key><key name="option_not_empty_delete_warning"><value>Sei sicuro di voler cancellare questa opzione e tutti i voti su di essa? Questo non può essere annullata.</value></key><key name="privacy_action_view_my_questions"><value>View my questions</value></key><key name="question_add_allow_add_opt"><value>Consentire a chiunque di aggiungere opzioni</value></key><key name="question_add_answers_label"><value>Sondaggio</value></key><key name="question_add_option_inv"><value>Add an option...</value></key><key name="question_add_save"><value>Fai una domanda</value></key><key name="question_add_show_options_btn"><value>Aggiungi sondaggio</value></key><key name="question_add_text_inv"><value>Chiedi qualcosa...</value></key><key name="question_asked_by"><value>Inviata da</value></key><key name="question_delete_complete_msg"><value>La domanda è stata rimossa</value></key><key name="question_fb_title"><value>Domanda</value></key><key name="question_list_no_items"><value>Non ci sono domande</value></key><key name="question_not_found"><value>Domanda non trovata</value></key><key name="question_page_description"><value>{$question}</value></key><key name="question_page_title"><value>Domanda su {$site_name}</value></key><key name="toolbar_comment_btn"><value>Commento</value></key><key name="toolbar_delete_btn"><value>Cancella</value></key><key name="toolbar_follow_btn"><value>Follow</value></key><key name="toolbar_unfollow_btn"><value>Unfollow</value></key><key name="toolbar_unvote_btn"><value>Unvote</value></key><key name="users_fb_title"><value>Utenti</value></key><key name="view_more_questions_btn"><value>Visualizza altro</value></key><key name="widget_settings_add_new"><value>Consenti di aggiungere nuove domande</value></key><key name="widget_settings_count"><value>Dati da mostrare</value></key><key name="widget_settings_order"><value>Ordina lista</value></key><key name="widget_title"><value>Domande</value></key></prefix>
