<?xml version="1.0" encoding="utf-8"?>
<prefix name="skeleton" label="Skeleton" language_tag="it" language_label="Italiano"><key name="access_level_adding_authorization_action"/><key name="access_level_page_heading"/><key name="access_level_page_title"/><key name="actions"/><key name="add"/><key name="body"/><key name="checking_if_user_is_authorized"/><key name="checking_if_user_is_a_moderator"/><key name="create"/><key name="created_pages"/><key name="created_text_keys"/><key name="created_widgets"/><key name="cron_job_of_some_action"/><key name="cron_page_heading"/><key name="cron_page_title"/><key name="database_page_heading"/><key name="database_page_title"/><key name="database_records"/><key name="database_record_deleted"/><key name="deliver"/><key name="describe_your_image"/><key name="description"/><key name="description_access_level"/><key name="description_cron"/><key name="description_database"/><key name="description_dev_tools"/><key name="description_file_storage"/><key name="description_file_structure"/><key name="description_floatbox"/><key name="description_forms"/><key name="description_index"/><key name="description_install"/><key name="description_localization"/><key name="description_mail_sending"/><key name="description_newsfeed"/><key name="description_notifications"/><key name="description_ping"/><key name="description_pluginxml"/><key name="description_profile_questions"/><key name="description_routing"/><key name="description_widgets"/><key name="devtools_desc_debug_mode"/><key name="devtools_desc_dev_mode"/><key name="devtools_desc_link_langs"/><key name="devtools_desc_profiler"/><key name="devtools_link_langs"/><key name="devtools_page_heading"/><key name="devtools_page_title"/><key name="email_notifications_setting_example"/><key name="email_will_be_sent_when_cron_runs"/><key name="enter_original_value"/><key name="enter_text_key"/><key name="errors_image_invalid"/><key name="example_file"/><key name="file_extension_not_allowed"/><key name="file_storage_page_heading"/><key name="file_storage_page_title"/><key name="file_structure_activate"/><key name="file_structure_bol"/><key name="file_structure_classes"/><key name="file_structure_components"/><key name="file_structure_controllers"/><key name="file_structure_cron"/><key name="file_structure_deactivate"/><key name="file_structure_init"/><key name="file_structure_install"/><key name="file_structure_page_heading"/><key name="file_structure_page_title"/><key name="file_structure_pluginxml"/><key name="file_structure_static"/><key name="file_structure_static_css"/><key name="file_structure_static_js"/><key name="file_structure_uninstall"/><key name="file_structure_views_components"/><key name="file_structure_views_controllers"/><key name="floatbox_close"/><key name="floatbox_content_desc"/><key name="floatbox_page_heading"/><key name="floatbox_page_title"/><key name="floatbox_reload_me"/><key name="floatbox_title"/><key name="forms_file_field_label"/><key name="forms_multichoice_field_label"/><key name="forms_page_heading"/><key name="forms_page_title"/><key name="forms_selectbox_field_description"/><key name="forms_selectbox_field_label"/><key name="forms_textarea_field_description"/><key name="forms_textarea_field_invitation"/><key name="forms_textarea_field_label"/><key name="forms_text_field_description"/><key name="forms_text_field_label"/><key name="forms_url_field_description"/><key name="forms_url_field_label"/><key name="form_output_data"/><key name="from"/><key name="index_page_heading"/><key name="index_page_title"/><key name="install_adding_authorization"/><key name="install_adding_config"/><key name="install_adding_menu_item"/><key name="install_adding_preference"/><key name="install_adding_setting_route"/><key name="install_adding_widgets"/><key name="install_creating_tables"/><key name="install_deleting_menu_item"/><key name="install_deleting_widgets"/><key name="install_lang_import"/><key name="install_page_heading"/><key name="install_page_title"/><key name="install_uninstalling"/><key name="item_content"/><key name="latest_users_widget"/><key name="localization_page_heading"/><key name="localization_page_title"/><key name="mail_sending_page_heading"/><key name="mail_sending_page_title"/><key name="main_menu_item"/><key name="menu_item_access_level"/><key name="menu_item_cron"/><key name="menu_item_database"/><key name="menu_item_devtools"/><key name="menu_item_file_storage"/><key name="menu_item_file_structure"/><key name="menu_item_floatbox"/><key name="menu_item_forms"/><key name="menu_item_install"/><key name="menu_item_localization"/><key name="menu_item_mail_sending"/><key name="menu_item_newsfeed"/><key name="menu_item_notifications"/><key name="menu_item_ping"/><key name="menu_item_pluginxml"/><key name="menu_item_profile_questions"/><key name="menu_item_routing"/><key name="menu_item_widgets"/><key name="msg_dublicate_menu_item"/><key name="msg_key_added"/><key name="msg_key_deleted"/><key name="newsfeed_page_heading"/><key name="newsfeed_page_title"/><key name="notifications_page_heading"/><key name="notifications_page_title"/><key name="notification_attach_image"/><key name="notification_content"/><key name="notification_content_invitation"/><key name="notification_has_been_added"/><key name="notification_note"/><key name="notification_section_label"/><key name="notify_example"/><key name="no_database_entries"/><key name="original_values"/><key name="ping_counter"/><key name="ping_page_heading"/><key name="ping_page_title"/><key name="place_on"/><key name="place_widget_in_section"/><key name="place_widget_on_page"/><key name="pluginxml_author"/><key name="pluginxml_authoremail"/><key name="pluginxml_authorurl"/><key name="pluginxml_build"/><key name="pluginxml_copyright"/><key name="pluginxml_desc"/><key name="pluginxml_devkey"/><key name="pluginxml_key"/><key name="pluginxml_license"/><key name="pluginxml_licenseurl"/><key name="pluginxml_name"/><key name="pluginxml_page_heading"/><key name="pluginxml_page_title"/><key name="profile_questions_page_heading"/><key name="profile_questions_page_title"/><key name="remove"/><key name="routing_adding_menu_item"/><key name="routing_adding_menu_item_desc"/><key name="routing_adding_route"/><key name="routing_adding_route_desc"/><key name="routing_adding_view"/><key name="routing_classname"/><key name="routing_item_name"/><key name="routing_item_name_invitation"/><key name="routing_menu_name"/><key name="routing_pagecontent"/><key name="routing_pagecontent_invitation"/><key name="routing_pagemetatags"/><key name="routing_pagemetatags_invitation"/><key name="routing_pagetitle"/><key name="routing_pagetitle_invitation"/><key name="routing_page_heading"/><key name="routing_page_title"/><key name="routing_visible_for"/><key name="save"/><key name="send"/><key name="short_description"/><key name="show_ajax_floatbox"/><key name="show_floatbox"/><key name="start_ping"/><key name="subject"/><key name="submit_entity"/><key name="submit_image"/><key name="test"/><key name="text_key_values"/><key name="to"/><key name="upload_again"/><key name="upload_image"/><key name="widget"/><key name="widgets_page_heading"/><key name="widgets_page_title"/><key name="widget_placement"/><key name="widget_title"/><key name="your_message_was_sent_successfully"/></prefix>
