<?xml version="1.0" encoding="utf-8"?>
<prefix name="slideshow" label="Image Slideshow" language_tag="it" language_label="Italiano"><key name="add_image"><value></value></key><key name="add_new"><value></value></key><key name="add_slide"><value></value></key><key name="confirm_delete_plugin"><value></value></key><key name="delete_content"><value></value></key><key name="delete_content_desc"><value>Before uninstalling slideshow plugin we have to remove all existing slideshows content. This may take awhile.</value></key><key name="delete_content_warning"><value></value></key><key name="delete_slide_confirm"><value></value></key><key name="edit_slide"><value></value></key><key name="effect"><value></value></key><key name="effect_fade"><value></value></key><key name="effect_slide"><value></value></key><key name="file"><value></value></key><key name="images"><value></value></key><key name="interval"><value></value></key><key name="interval_long"><value></value></key><key name="interval_medium"><value></value></key><key name="interval_short"><value></value></key><key name="label"><value></value></key><key name="navigation"><value></value></key><key name="no_images"><value>Non ci sono immagini</value></key><key name="optional"><value></value></key><key name="page_title_uninstall"><value></value></key><key name="plugin_set_for_uninstall"><value></value></key><key name="rearrange_tip"><value></value></key><key name="settings"><value></value></key><key name="uninstall_inprogress"><value></value></key><key name="uninstall_inprogress_desc"><value></value></key><key name="unprogress"><value></value></key><key name="unprogress_desc"><value></value></key><key name="url"><value></value></key><key name="widget_title"><value></value></key></prefix>
