<?xml version="1.0" encoding="utf-8"?>
<prefix name="spodshowcase" label="showcase" language_tag="it" language_label="Italiano"><key name="datalet_from_agora_message"><value>Questa {$component} &lt;span&gt;{$title}&lt;/span&gt; {$description} &amp;egrave; stata creata da &lt;a href="{$user_url}"&gt;{$user_title}&lt;/a&gt; nella stanza {$context} &lt;a href='/agora/{$context_id}'&gt;{$context_subject}&lt;/a&gt; da questo &lt;a href="{$dataset}" target="_blank"&gt;dataset&lt;/a&gt;&lt;br/&gt;&lt;br/&gt;&lt;a href='/agora/{$context_id}'&gt;{$context_subject}&lt;/a&gt; ha {$context_views} visite {$context_comments} commenti e {$context_opendata} datalet</value></key><key name="datalet_from_newsfeed_message"><value>Questa {$component} &lt;span&gt;{$title}&lt;/span&gt; {$description} &amp;egrave; stata creata da &lt;a href="{$user_url}"&gt;{$user_title}&lt;/a&gt; nel suo {$context} da questo &lt;a href="{$dataset}" target="_blank"&gt;dataset&lt;/a&gt;</value></key><key name="page_three_message_1"><value>&lt;span class="sp"&gt;SPOD&lt;/span&gt; has lot of interactive data visualization tools, join to discover.</value></key><key name="page_two_message_1"><value>&lt;span class="sp"&gt;SPOD&lt;/span&gt; i aiuta a scoprire la bellezza &lt;span class="c1"&gt;dietro&lt;/span&gt; i dati!&lt;br&gt;&lt;span class="c1"&gt;Trascina per scoprire come.&lt;/span&gt;</value></key><key name="page_two_message_2"><value>I dati sono pi&amp;ugrave; vicini di quello che pensi, &lt;span class="sp"&gt;SPOD&lt;/span&gt; ti suggerir&amp;agrave; quelli pi&amp;ugrave; interessanti per te.</value></key><key name="page_two_message_3"><value>Difficile visualizzare i dati? Non con &lt;span class="sp"&gt;SPOD&lt;/span&gt;... prova il nostro wizard!</value></key><key name="page_two_message_4"><value>Discuti con i dati, &lt;span class="sp"&gt;SPOD&lt;/span&gt; connette i cittadini e la pubblica amministrazione.&lt;/span&gt;</value></key><key name="project_grant"><value>This project has received funding from the European Union’s Horizon 2020 research and innovation programme under grant agreement No 645860.</value></key><key name="project_info"><value>ROUTE-TO-PA is a multidisciplinary innovation project, that, by combining expertise and research in the fields of e-government, computer science, learning science and economy, is aiming at improving the impact, towards citizens and within society, of ICT-based technology platforms for transparency</value></key></prefix>
