<?xml version="1.0" encoding="utf-8"?>
<prefix name="spodpr" label="SPOD Private Room" language_tag="it" language_label="Italiano"><key name="add_card"><value>Aggiungi card</value></key><key name="create_datalet"><value>Crea datalet</value></key><key name="create_decisiontree"><value>Crea albero di decisione</value></key><key name="create_link"><value>Crea link</value></key><key name="create_text"><value>Crea testo</value></key><key name="main"><value>Spazio privato</value></key><key name="open_my_space"><value>Apri Spazio privato</value></key></prefix>
