<?xml version="1.0" encoding="utf-8"?>
<prefix name="spodwidgets" label="SPOD Widgets" language_tag="it" language_label="Italiano"><key name="activities"><value>Le attività</value></key><key name="activitiesdatalets_title"><value>Incontra le datalets!</value></key><key name="activities_title"><value>Attività in Agora</value></key><key name="datalet_description"><value>Una &lt;b&gt;datalet&lt;/b&gt; è una componente riutilizzabile che permette di caricare i dati da fonti di Open Data, filtrali e visualizzarli. Le Datalets sono blocchi di discussioni in SPOD. Sotto, puoi vedere l’ultima datalet creata nella nostra piattaforma.</value></key><key name="help_links_contents"><value>&lt;p&gt;
Benvenuto in SPOD! Alcuni link per iniziare a conoscere SPOD:
&lt;/p&gt;
&lt;ul class="ow_regular"&gt;
&lt;li&gt; &lt;img src="https://cdn4.iconfinder.com/data/icons/bettericons/354/youtube-128.png" alt="SPOD video" style="width:30px;height:30px;"&gt; &lt;a href="https://www.youtube.com/watch?v=h80nwnjQ040" target="_blank" &gt;Una rapida guida  online&lt;/a&gt;&lt;/li&gt;
&lt;li&gt;
&lt;img src="https://cdn4.iconfinder.com/data/icons/bettericons/354/youtube-128.png" alt="SPOD video" style="width:30px;height:30px;"&gt;
&lt;a href="https://www.youtube.com/watch?v=SckPtLLQPd0" target="_blank" &gt;Crea visualizzazioni (Controllet)&lt;/a&gt;&lt;/li&gt;
&lt;li&gt;
&lt;img src="https://cdn4.iconfinder.com/data/icons/bettericons/354/youtube-128.png" alt="SPOD video" style="width:40px;height:40px;"&gt;
 &lt;a href="https://youtu.be/5fcoDxuYDcY" , "background-color:#ffffa0" target="_blank" &gt;Agora e  le stanze di discussione&lt;/a&gt;&lt;/li&gt;

&lt;li&gt;&lt;img src="https://cdn4.iconfinder.com/data/icons/bettericons/354/youtube-128.png" alt="SPOD video" style="width:30px;height:30px;"&gt; &lt;a href="https://youtu.be/Z_08dybT3eQ" target="_blank" &gt;Creazione di insieme di dati (Cocreazione)&lt;/a&gt;&lt;/li&gt;

&lt;li&gt;&lt;img src="https://cdn4.iconfinder.com/data/icons/bettericons/354/youtube-128.png" alt="SPOD video" style="width:30px;height:30px;"&gt;&lt;a href="https://youtu.be/xqDCAgxNPAA" target="_blank" &gt;Creazione di una mappa nella cocreazione&lt;/a&gt;&lt;/li&gt;

&lt;li&gt; &lt;img src="https://cdn4.iconfinder.com/data/icons/bettericons/354/youtube-128.png" alt="SPOD video" style="width:30px;height:30px;"&gt; &lt;a href="https://www.youtube.com/channel/UCAWoMmBHZoGgheViWek7-Ig/videos" target="_blank" &gt;Tutti i Video online&lt;/a&gt;&lt;/li&gt;
&lt;li&gt;
&lt;a href="http://spod.routetopa.eu/Manual/SPODManualCurrentVersion.pdf" target="_blank" &gt; Manuale online (versione inglese)&lt;/a&gt;&lt;/li&gt;
&lt;/ul&gt;</value></key><key name="help_title"><value>Guida di SPOD</value></key><key name="html_widget_no_content"><value>Nessun contenuto</value></key><key name="last_room"><value>L'ultima Stanza Pubblica creata in Agora è:</value></key><key name="meet_datalet"><value>Incontra le Datalets!</value></key><key name="tweets_label"><value>Indirizzo Tweet</value></key><key name="tweets_title"><value>Tweet</value></key><key name="users_online"><value>Il numero di utenti online è:</value></key></prefix>
