<?xml version="1.0" encoding="utf-8"?>
<prefix name="spodnotification" label="Spod notification system" language_tag="en" language_label="English">
	<key name="console_menu_label">
		<value>SPOD email notification</value>
	</key>
	<key name="setup_page_heading">
		<value>SPOD email notification settings</value>
	</key>
	<key name="frequency_immediately">
		<value>Immediately</value>
	</key>
	<key name="frequency_every_day">
		<value>Every day</value>
	</key>
	<key name="frequency_every_month">
		<value>Every month</value>
	</key>
	<key name="save_settings">
		<value>Save settings</value>
	</key>
	<key name="settings_saved">
		<value>Settings saved</value>
	</key>
	<key name="email_notifications_subject_delayed">
		<value>Latest activities on SPOD</value>
	</key>
	<key name="email_notifications_delayed_news_on_plugin">
		<value>#N# news on #PLUGIN#, here is the last one:</value>
	</key>
	<key name="site_name">
		<value>{$site_name}</value>
	</key>
	<key name="site_url">
		<value>{$site_url}</value>
	</key>
	<key name="hello">
		<value>Hello</value>
	</key>
	<key name="go_to_spod">
		<value>Go to SPOD</value>
	</key>
	<key name="connect_with_us">
		<value>Connect with Us</value>
	</key>
	<key name="contact_info">
		<value>Contact Info</value>
	</key>
	<key name="contact_us">
		<value>Contact to webmaster@routetopa.eu</value>
	</key>
	<key name="phone">
		<value>Phone</value>
	</key>
	<key name="email">
		<value>Email</value>
	</key>
	<key name="office">
		<value>office</value>
	</key>
	<key name="terms">
		<value>Terms</value>
	</key>
	<key name="privacy">
		<value>Privacy</value>
	</key>
	<key name="unsubscribe">
		<value>Unsubscribe</value>
	</key>
	<key name="read_more">
		<value>read more</value>
	</key>
	<key name="agora_new_comment">
		<value>{$user_name} has commented in the Agora {$agora_subject}.</value>
	</key>
	<key name="agora_new_mention">
		<value>{$user_name} has mentioned you in the Agora {$agora_subject}.</value>
	</key>
</prefix>
