<?xml version="1.0" encoding="utf-8"?>
<prefix name="ode" label="Open Data Enabler" language_tag="cn" language_label="Chinese(simplified)">
	<key name="add_attachment">
		<value>添加文件</value>
	</key>
	<key name="my_space">
		<value>从我的空间导入</value>
	</key>
	<key name="add_SPLOD_datalet">
		<value>使用LOD添加datalet</value>
	</key>
	<key name="add_datalet">
		<value>添加datalet</value>
	</key>
	<key name="add_maplet">
		<value>添加maplet</value>
	</key>
	<key name="add_ode_button">
		<value>Add datalet</value>
	</key>
	<key name="event_post_od">
		<value>Add datalet</value>
	</key>
	<key name="event_post_od_private_room">
		<value>Private Room</value>
	</key>
	<key name="forum_post_od">
		<value>OD</value>
	</key>
	<key name="forum_post_od_private_room">
		<value>Private Room</value>
	</key>
</prefix>