<?xml version="1.0" encoding="utf-8"?>
<prefix name="ode" label="Open Data Enabler" language_tag="fr" language_label="Français">
	<key name="add_attachment">
		<value>Ajouter un fichier</value>
	</key>
	<key name="my_space">
		<value>Importer de Mon espace</value>
	</key>
	<key name="add_SPLOD_datalet">
		<value>Add datalet with LOD</value>
	</key>
	<key name="add_datalet">
		<value>Ajouter un datalet</value>
	</key>
	<key name="add_maplet">
		<value>Ajouter une carte</value>
	</key>
	<key name="add_ode_button">
		<value>Ajouter une visualisation</value>
	</key>
	<key name="event_post_od">
		<value>Pièces Jointes</value>
	</key>
	<key name="event_post_od_private_room">
		<value>Private Room</value>
	</key>
	<key name="forum_post_od">
		<value>OD</value>
	</key>
	<key name="forum_post_od_private_room">
		<value>Private Room</value>
	</key>
</prefix>

